-2.3947620118,2.7835122953,-0.8469040072
-4.8545728651,-1.5400105814,26.6468988653
2.8503645552,2.6218965326,4.1369272356
3.420729886,2.4668687474,4.2447961845
3.9894820338,3.2745824542,4.643610368
4.6452850513,2.8245232215,4.6476429034
-0.2146845956,-2.8653857606,5.7768609967
-0.8476868429,-2.6273427613,5.9732585063
-3.7779400353,2.6507812891,-1.4176283909
-0.1097673167,-3.6441127327,7.3002743293
1.9720229963,4.8817373218,4.3633883586
-3.2265814843,-1.498365805,13.4075596847
4.6169980883,-4.1704823757,5.4930504586
0.8813821648,1.1776366406,2.7119433857
-0.3495710142,1.6481561109,0.8222237168
-4.2754563087,-1.1171719325,20.5138705126
4.2005917348,1.1675226188,3.7756785046
-2.5081545052,-4.4983160378,15.2874710975
2.3446704887,-1.1087781218,1.6154038077
1.7374304713,0.5539672132,-0.1917849856
3.7816755393,-1.19245029,2.1359503317
-4.6865868971,-0.8670980648,-3.105747925
-4.6639569653,-3.7284407207,29.209376015
-3.8058184291,-2.7426139872,19.96948189
-1.5808376199,4.6979720803,-1.7903148883
0.8677983855,1.9202731901,2.9807329886
0.6902660963,0.731977461,-0.5930404658
-3.0134791747,4.8261768506,-2.5002727297
0.8062545802,-0.5771377946,0.7398010092
4.351657937,-4.8113148662,5.9974375061
1.8004925998,1.8288599866,3.4569505853
3.3921162055,-0.0257307996,0.8317876396
1.5012267554,1.5560334626,3.2047602141
-2.5960906475,2.06722642,-0.4187568531
3.2608328588,3.1067758325,4.4097049648
-1.0896620916,3.7924261659,-1.1506807869
0.5923165769,-2.3131068882,2.4321274859
-3.3591763255,-0.4040038698,-2.0726911821
-2.731257951,-1.4391314764,10.3380329477
3.5105620834,1.5991885397,3.8891962728
-0.8981963766,-2.1627007656,5.1321582621
3.9790977121,-4.6270101222,5.6480731486
4.7237736782,3.6945253648,4.9151782757
4.4258108298,-3.6940915669,4.9165516034
-0.5687339174,-0.4974338298,-0.761538895
-1.5178407999,-1.9742996271,6.2524399481
-2.4144712934,2.5138380863,-0.6199067438
2.9728324155,2.6664810503,4.189080538
-3.4329467906,0.0264862952,-1.6899901968
4.2915476643,-0.9114339147,2.0690262855
1.3328199282,3.0036063722,3.610090985
-2.635836536,-4.6095124994,16.1666592431
2.520122314,2.1200784134,3.8473292848
-2.6408882896,3.3033721352,-1.481518851
3.7121624965,-1.8464620194,2.7640220439
-2.2093731501,0.6453796309,-0.5031848169
0.8844632899,-0.7026707534,0.8814318512
1.8251338882,-0.9018555376,1.284008284
3.6216273117,1.048435603,3.5679996894
3.8921982522,2.0588945816,4.1987374204
1.7152951149,-1.7255533353,2.0827357504
-4.0881778421,-3.2587093932,23.230616855
1.9919204073,-4.7453535846,5.1662433315
-2.2900357142,-2.605519401,10.4553023742
-1.7710844252,-4.5345792559,12.205898553
-2.9018453798,-2.6566442575,13.7339951233
-0.0863022053,-0.9977569198,-0.8834080302
3.6891185021,0.8875891248,0.0215175655
-0.7751569836,-0.0115035157,-0.3990817538
3.1407583424,-0.2851136902,1.0114013063
-0.7587371958,-2.7083186601,5.9923194525
3.2462829488,-2.0686541614,2.8276861879
-2.0430592104,-4.3689728843,12.9120367058
-2.3854895873,4.2325946045,-2.0798346506
0.3556921347,-4.4815196428,4.552778316
-4.1801478792,-0.1322192198,-2.221908255
0.7732175934,2.4472750105,3.062043768
-3.6019659556,0.9404772146,-0.9931435139
1.832424892,2.8573918947,3.8303319008
-1.4582572566,0.0084560672,-0.7206726619
-4.1010248499,3.4372779275,-2.3419078784
4.1753486272,-1.8332500616,2.9378761899
2.8907384955,-2.5806842422,3.2332085037
4.3965634638,-4.8214657508,6.0294382429
2.2533605495,-4.5538976798,5.0377819563
4.6157353841,4.2974317037,5.0366730246
0.1150678255,-0.5523979089,0.5754155377
-4.8511074295,-3.9370515016,31.4073462957
-3.0318941386,-2.5759561679,14.3442944038
3.461299945,1.501375662,3.8240187475
1.0163254232,1.6742466576,2.9938365808
-1.5257530102,2.2780090042,-0.0027007064
2.8528318766,-1.235227563,1.8769954704
-0.5530762533,-0.2094311298,-0.4844416202
0.2137700885,2.3001725467,2.3999218317
-3.1900293384,4.2040199429,-2.4685542145
3.8263807762,-0.3201160244,1.2806606051
2.4858694102,-1.696702439,2.2393410132
-4.9618953888,2.4734398487,-1.8614106375
1.1363431212,4.2997150862,3.7725684373
4.6703533738,4.8997494585,5.1731904154
-0.482619095,3.28891535,-0.3880999072
3.9415712215,4.0478985878,4.8305675282
1.3580634563,4.7921559606,4.0159760296
4.5005778368,-4.285427893,5.5458852423
0.4377891924,1.8173184946,2.5853405624
3.0316426078,-2.9577128075,3.6511806828
-3.5062224082,-3.3885935072,19.0707825899
2.645511474,2.8280306248,4.1378976336
-2.8640291437,-3.9948680874,16.1923991107
-1.2784788829,0.1315251502,-0.5080931694
-1.4106947374,3.5097851087,-1.0652769873
-3.9267502975,2.4419124549,-1.319402092
-4.9865534517,4.5795778606,-3.4844702851
-2.3190286368,-2.5279626233,10.433819065
-1.0915536656,1.6826847102,0.4479701896
0.0496759199,-2.2442313127,2.2541668236
-0.2106603326,0.5597805002,0.4256700465
0.6287489941,-2.4821911589,2.608608005
1.4716000059,-2.0337125901,2.336836177
2.4190351447,1.0048020695,3.2327501905
4.7541337007,-4.8578003376,6.2586291644
-4.9218095398,-1.4275695961,27.0793483384
-1.9482341518,4.1350833565,-1.8120532704
-4.3045844417,-2.5230456641,23.5755385438
0.5280079342,4.0248296159,3.1394797128
-2.5015788155,-1.1999273856,8.6577513413
1.8115169374,-1.670147958,2.0491828256
-2.2550104262,1.8090617984,-0.1557563977
-4.9134305672,-0.8844096163,-3.2302562521
-3.3638666516,-3.6868941198,18.6893870895
4.3248358002,2.2779491481,4.3843269127
-3.7366736829,2.0380150183,-0.9755123869
-4.6480960763,2.0553525231,-1.4391662712
-1.1680420269,-0.3270387969,-0.9052612017
-0.32381494,-1.4542747877,3.0134056907
-3.9971941695,0.7082168142,-1.3481166495
2.4890892297,-3.9640053782,4.5074778272
-2.9413275329,2.4318879795,-0.8190539878
-1.1131929881,-0.833155162,-1.2966535309
2.3177411159,-4.8409337531,5.340809527
-3.0204750622,-0.5437879571,-2.0276187901
-4.4908776519,0.5254145405,-1.7438671525
1.3016229416,3.9337693048,3.8116085618
-3.7524919726,4.6961871779,-2.8761147399
4.5933387271,4.7537428458,5.1283185809
1.5281201023,-4.1655012482,4.481010479
4.7272294535,3.2546745445,4.7964024956
3.9931447974,-2.1008139711,3.1276319514
-0.9344564343,1.663954079,0.5284357366
-4.0587559471,-3.7291951764,23.931890191
-2.7714989409,-2.7610461765,13.2032987325
-4.5462834569,1.206867703,-1.3386360765
4.3785914265,2.937093563,4.6290309973
0.4535820928,-0.9596668444,1.0506329341
-3.1241000486,-1.1231669489,12.0063350115
-0.7942794253,0.4507790262,0.0385271613
0.2238582197,4.7892277887,2.7285664498
-2.4218154871,-0.9550880055,-2.0272723136
0.1713843818,-3.3321455272,3.3664358339
-0.3216536566,3.2596532511,-0.2786133562
1.547159177,-4.1821532862,4.5018544414
2.6521134245,0.7248824026,-0.1383974572
1.8729363667,-3.0365691382,3.4297191163
3.5684305133,0.1098089687,0.7561494538
0.6330813279,-2.8404187231,2.9677159797
1.3097927523,-1.8153030652,2.083422855
-4.4978360723,-2.7981346039,25.8267985412
-2.9164002554,-2.214933493,12.9352574355
3.7570226613,-4.4564893552,5.3907127405
3.3259043505,-1.7312399559,2.5156799673
-0.6544774268,-0.3809236504,-0.699016786
-4.7010242047,2.5105149618,-1.7604968821
3.5830929408,4.7006163188,4.8815969914
1.1104540879,-3.2242978964,3.4501137183
1.8411779578,-0.697970231,1.0838049365
-2.8676022476,1.9669218467,-0.5112382532
-2.5347120458,-0.6852439991,-1.9002179731
0.6060735183,1.1752676074,2.537836663
2.2713613473,-2.2120843186,2.7004194833
-2.5749294353,-2.5401022905,11.7104661779
-3.7478429019,1.5385185905,-0.8744423318
-3.7974985525,4.5976796426,-2.8921773711
-1.7011482641,3.8743990815,-1.5195324164
-4.7472045776,-1.3881708494,25.3122930008
-2.2774644207,-1.2732855568,7.7334153011
3.329855508,4.394039755,4.7492892274
-3.1568720385,4.0307014917,-2.3549465503
-3.236195301,-0.0536196915,-1.6716916522
-0.6763413875,-0.9818400889,-1.1696916287
-1.140273845,0.8378612378,0.1730769512
0.1710932838,-2.0501508115,2.0843828302
-1.0491720186,1.2100991873,0.4110650027
1.0023985371,-4.6221354117,4.825344915
-0.7051686702,-3.6004810668,7.698224987
2.9607688594,-2.1846322671,2.8573117404
3.0044443012,0.9647743316,-0.2793318437
-2.1710323131,4.2613485477,-1.9855102193
-4.0519500041,-0.7366938552,-2.697817749
0.6155262127,-3.8093353003,3.9330662185
0.5056587624,0.7924503075,-0.6909723592
4.2040493482,-0.3319526159,1.449404471
2.5969659736,4.2511899694,4.4882506937
4.8168043371,4.2975888669,5.0773419695
-0.7480953661,0.2915445438,-0.08661575
1.5211315345,-1.3485255959,1.6624986527
-4.3655773636,-4.9928584552,29.0439826277
-1.4936953841,-3.8784769509,9.9880798022
0.2530764165,3.4501328505,2.627620042
-2.8585113129,4.9219062392,-2.4073870894
1.1041982838,-3.2239949647,3.4484961963
-1.5295645938,4.9293650325,-1.7413351983
1.5876838205,-4.5004380976,4.8290959811
1.4486613108,-1.5111769737,1.8092982036
-1.8009184017,-4.6456270025,12.5345610945
0.1067961868,3.930325046,2.3504763819
-2.5439417859,1.0330425626,-0.4131095057
0.3390350778,-0.0401401502,0.1080512781
2.056431402,4.1774026367,4.2607774004
3.9105376921,2.0704241842,4.2078866253
3.7241134815,-2.795121064,3.7170933166
0.6161808335,2.047922549,2.8162010225
-3.699506807,-3.6413878277,20.9691262708
-2.2720241409,-2.0457953058,9.2536843085
4.4145812866,-3.3851710463,4.6020441987
1.0530629722,-2.6546781357,2.8684610882
-0.1409711149,-1.2256831223,2.4712390999
-1.4603020627,-4.7431380504,11.6187582152
-4.3689003133,1.264440609,-1.2310111934
3.8628398875,-3.9392062208,4.9138695331
-4.1886263275,-1.0001326395,19.5448557907
-1.2806821649,-1.2663935093,4.1729338259
-3.578454561,4.3768279515,-2.7334529925
-1.1829350945,3.2145824841,-0.664392586
-2.533182426,2.3941839533,-0.5868507645
1.9055991938,-4.8158717383,5.2165835285
3.9063964317,2.9208318391,4.5184967228
1.1153494387,-3.8921379945,4.1189830399
-0.8219225701,-1.8950871883,4.4657310879
0.3936819335,1.6567961696,2.5021384308
-3.9672193472,-2.1714523009,20.0817339509
0.2243245304,0.7688884971,-0.7239934645
-0.3457957996,-0.0691112489,-0.2419541451
-3.8632014651,-2.0605276665,19.0453808929
2.0618237692,2.8316735,3.9225555013
-3.7140583197,-0.4641609342,-2.3047018284
1.5221224049,0.874410005,-0.5602192248
3.4674720415,0.1112460539,0.7199817957
3.9212380893,2.4931135519,4.3773299599
-1.0659867677,-2.0223679686,5.181063726
3.3144690956,-0.4822632177,1.2630154598
-1.0840315952,4.2455692321,-1.4350198671
2.5138200764,0.9519255632,-0.402028711
1.4527417896,4.2058655839,3.9615074049
-4.3769434004,-1.8658793651,22.8893922601
2.7953311791,-1.0364950729,1.6621445737
3.7703094608,2.7942007487,4.4453860233
2.4497629017,-4.6794243787,5.2127516162
-2.5972263306,-0.1852881246,-1.4828428993
4.2432214757,-4.9664340798,6.1016591579
2.0784836827,2.3117176042,3.7586967586
-0.3733582052,-0.1178566108,-0.3042630613
0.5871416469,-0.2320095088,0.349980588
2.5190491861,2.8366584446,4.0974879889
-1.14395522,-4.7873057839,10.883245113
0.2974445463,-2.8684098022,2.9279689866
2.8050620812,1.6820067752,3.7436424279
3.1541187759,-1.8510885025,2.5814656605
0.1143750266,-2.7024561958,2.7253351919
1.0721154721,0.5860121597,-0.3682412874
-3.0504031338,-3.110001814,15.5249629069
-3.7343704556,-4.2134266429,22.3723759857
2.7242310837,-2.329363629,2.9354000357
-1.6195607411,2.3009752636,-0.0647253076
-0.3882101949,-2.417659503,4.9860261614
-1.5716922191,-2.7028976298,7.8760116911
4.5935654811,-4.5080784374,5.8178416735
0.1264200241,-3.9523213937,3.9776107877
3.0484996032,-4.0644484492,4.7629207408
-1.7830778027,-3.1255059523,9.4303783551
0.4344439781,-0.9066091151,0.9937172335
-2.1232350813,-4.1373227925,12.7827727954
-2.7693634009,-0.5019748947,-1.8658394362
2.3591447394,3.3859910948,4.1958951473
-0.2090724612,-4.6355677418,9.3148467776
4.2757027816,-3.9177345567,5.0679385374
-1.0354087329,-1.6564624461,4.3849961363
-1.6202491387,4.4293301526,-1.7703301886
-1.8697849083,0.8271157533,-0.1989106579
1.0547690051,1.6578689097,3.0111167001
4.1773025768,2.2775047107,4.3526911811
-1.2556680656,-2.3709944673,6.3186912255
-1.2073990943,-0.9052716222,-1.3902924502
3.4430095845,-1.2501127633,2.0731011471
-3.5143923166,0.9262161334,-0.9578440748
1.0646164268,-1.7601624404,1.9763628882
3.4241785252,3.6147603858,4.5935805367
3.2096267836,-4.2206605798,4.9682013714
4.202654742,-4.8801743231,5.9969991638
-2.3571881483,4.6975387876,-2.1784838121
-4.3562036347,-0.9539861435,-2.9938295259
2.3170562754,3.1420450618,4.1138786233
0.6037829484,3.6057431201,3.1559644912
3.2957834811,-2.6274967847,3.4022513227
-3.1762582745,0.1520633497,-1.4366511438
-2.1251625473,1.2703232267,-0.1073847021
2.4660387005,-2.9734491205,3.5109646947
-0.9791749633,-3.4115149916,7.7818135921
-2.7080660207,0.752566987,-0.6705182624
2.6393321356,-3.7010529637,4.2841075245
-4.1310784047,-1.2920725378,19.6499538612
-1.3271118623,-1.1199437754,4.0011134458
-3.7030763037,-4.5787268494,22.8702278102
-0.904131081,3.733199281,-1.0097608569
-0.050431064,-1.8193683689,3.64128003
-0.144402648,2.7556915713,0.3041927818
-2.1161308995,-0.4778944708,-1.5179760094
4.0554231997,-3.5742503195,4.6269895573
3.8973861718,0.1417184347,0.8465092725
3.1342557585,-1.6230850254,2.3473879838
-0.7479301518,-4.1934490967,8.9462977054
0.595796037,-3.5440440692,3.6637704755
1.5319698858,4.0699876823,3.9789439833
0.3783638183,3.770654109,2.8865236914
4.8478450372,-2.9280795729,4.385932857
-3.0999190673,-4.9215009753,19.4525001742
1.1372899744,-4.5684791204,4.7999427062
-2.3558493869,1.7579672823,-0.1953900986
-3.8139000656,2.143863421,-1.0667081172
-0.3022290914,0.0404183661,-0.1107071835
-2.6686112111,-0.6809852641,-1.9638644387
-4.4890626591,3.3822595433,-2.4828816783
4.0262786759,-4.5933880621,5.6339132646
3.727210871,-0.0982717617,1.0213907238
-2.6791172943,-0.1295003882,-1.4686973776
0.3183909838,-0.0212713671,0.0850357735
-2.9506399986,-3.6883389554,16.0829543119
4.3769760758,4.3999644546,5.0085763912
0.3453086742,4.7429546391,2.969938935
-4.7703991908,-2.5727842104,27.9022768603
0.2297639598,-0.1268348672,0.1728200321
4.1087723326,1.479103134,3.9568922013
3.823360967,-4.4580393665,5.4174234156
2.4608216481,-3.9429550705,4.4791265223
2.099422839,-2.6055932234,3.0520273244
1.9235267923,-4.3107611379,4.7156401797
0.5352407084,1.4659641577,2.5792187843
4.8892327755,-2.0837429839,3.5677829923
0.9575264039,-1.3309973705,1.5248786177
-1.0245176957,-4.7314689517,10.512574412
-1.3033329689,4.8845573096,-1.6368820917
-3.8710867572,-0.3585420913,-2.2864527859
0.1270825371,1.3866819622,2.16230851
-2.829279458,-3.6238012858,15.252424823
-1.4771747084,2.670937692,-0.285117223
1.0755137075,-2.3730879998,2.5915708564
-0.5871943349,0.9796315589,0.5366949167
-2.0595309598,1.9396096506,-0.0970096705
-4.8955986855,4.81903717,-3.4421178127
-1.700506428,1.8142830773,0.1202500483
-4.8422929264,-4.4938939872,32.435588759
2.5399294248,-4.9952367127,5.5519541048
4.1736326569,2.3367625436,4.3751651129
2.5652759737,-3.8562540851,4.4196307904
2.49584349,-4.5468504631,5.0920740415
3.6298624122,3.8119900429,4.6971240187
2.9925244662,4.8063714766,4.7332749802
1.2825977727,-0.9299824456,1.1922806718
2.2554077535,0.7999025088,-0.3155128232
-4.0245766639,2.4400532192,-1.3668939842
-1.3444992779,1.4584546505,0.3214466689
2.3001113551,-2.5356934615,3.0311699688
1.4689273548,4.2748266898,3.9850497959
4.2134295615,4.6535644292,5.025653434
3.7817609713,-2.8101051074,3.7536374461
0.5183336416,-4.2924702902,4.3965099834
-0.337940221,-3.9084770363,7.9311576655
-4.9124972606,4.7193295764,-3.4562245444
-3.002129311,3.7926952173,-2.1071284264
-1.5506899191,4.0512442132,-1.5646347975
0.6309614217,0.881850915,-0.7549844868
2.9144853521,-1.8327971897,2.4921141497
-3.4374087311,2.549719866,-1.1607881438
1.2426555688,2.2541247214,3.3352906663
-1.7523033928,4.2473780071,-1.7699683413
-0.6714135382,-4.9760088146,10.4028137685
-3.0127014842,4.4446971787,-2.4707347396
2.0714793309,-1.2045872064,1.6443353701
3.9318110888,2.8537334016,4.5031018284
2.6069052997,-4.0347434879,4.6091405793
-1.2852400485,0.4797504581,-0.1810622055
-1.8541282854,-3.9989107479,11.4356131944
2.4857617063,0.1760798257,0.3665308651
3.8006971238,4.9306660313,4.9826454232
2.0559111044,-4.3448414838,4.7808789591
0.1153263387,-3.1823728308,3.2054421897
-3.1845632152,2.3419317284,-0.8751617936
-4.7529341381,-1.6700997127,25.9305823465
-3.8028739391,-0.4731374846,-2.3571183031
-1.896404189,0.4231248074,-0.5375904098
0.3939947244,1.3205770916,2.4189079517
-3.4312954934,-4.9253303835,21.6244495301
4.5581918129,3.0186033831,4.691878354
-1.8381208789,0.2256583223,-0.695312397
2.4261723506,2.2043475661,3.848159827
-0.9221680007,4.0464776532,-1.247438116
1.3989388995,0.2737370204,0.0135875513
-4.3514125671,-4.6524923037,28.239775936
1.9060584086,4.3341506991,4.2258276246
-0.154068529,-3.1951585767,6.414054265
1.4168574385,-1.7957310768,2.0869392263
-4.3160601874,4.8990537109,-3.1406587611
3.3993680922,4.9917229247,4.8886315577
-4.8363295884,1.8199340074,-1.4490393915
-3.8107402834,0.968560692,-1.0812989226
1.0597638028,4.943704787,3.8308454593
-2.0116440358,-0.9388665899,-1.812711128
-1.6473265245,2.5303465186,-0.2497748551
-3.9981596913,-3.8818043923,23.7488897016
-1.5023212799,-4.8454432344,11.9478556968
-0.9956301898,1.109214835,0.3975341821
3.9448822483,1.3514813654,3.8455268846
-4.2709693829,0.2761925476,-1.86279021
-2.421048842,1.5407647173,-0.2109753359
-4.2656661473,0.8924262166,-1.3542365249
4.4492440061,4.5049492355,5.0465973495
-2.8543190848,-4.470453131,17.0880436999
3.0770636756,-0.1486056363,0.8556119619
3.9428247541,0.6084556154,0.3978981016
-4.9452381801,4.7449381731,-3.4720894118
-1.3488526472,-2.5312891445,6.881981753
-2.9688266653,4.0504774311,-2.2732321185
-1.6254046957,1.0678194039,0.0634491147
4.1810069073,-0.9693415545,2.0764833299
4.039979431,-1.8423582968,2.8886067242
0.2575839909,3.6536778873,2.6632697273
1.0229418846,-4.3312335091,4.538724945
-3.6399958762,0.6629924432,-1.2045198279
0.9539694782,-0.343825104,0.5369683268
2.2347981467,-3.0304999052,3.509810641
1.2605031059,-3.5957455629,3.8533262689
1.3241938642,1.5136555216,3.1000690119
-3.8666800157,0.870969243,-1.1683864364
0.248193069,-2.7068733779,2.7565528016
-2.9368551222,2.2020805694,-0.6611573237
-1.1112267631,-2.4060624069,6.046949733
4.2463834048,1.7186771416,4.1160340556
3.8642680711,2.0013346776,4.167188384
-4.0554713415,-1.0920435444,18.6309348903
-1.6294464684,0.1713915919,-0.6441695176
-4.896675099,-3.9596565984,31.896740222
-3.914021675,0.8153848259,-1.2290213529
4.8780428369,2.8383041997,4.6976879964
1.1012612877,-1.0238898218,1.2477741302
-3.0470208929,0.9900757993,-0.6874428799
-2.2538689115,-1.5157960539,8.1115171777
-2.1822424396,3.4273700767,-1.3730246492
3.6610470917,-2.1494945062,3.0483988163
1.2367147906,2.7446511358,3.4803197739
-3.1090780096,0.2028067457,-1.3531196625
-1.7506812899,-0.5987066177,-1.4389151719
3.2038443705,-1.5220308796,2.2677704826
-0.7428840199,-2.5237510397,5.5993787464
-4.0800757301,-0.2568080206,-2.2940324156
0.0614756727,2.6140456949,2.1490234587
-4.1508654514,4.1842588092,-2.9391835482
-3.552381697,-0.380000047,-2.1471113616
3.882289772,-4.6213348333,5.6036123855
0.2645578073,3.8275845739,2.6994360552
1.0230562178,0.5541882109,-0.3466729239
0.1255013111,-0.9545170913,0.9796226261
-1.9427090598,-1.9675510767,7.7092206444
2.3125499152,1.9991643918,3.7268951074
2.2587443727,0.3215430208,0.1636708315
-3.2684395481,-3.1010249703,16.8847470202
1.3446682994,-4.1154099737,4.3910204313
0.5162560379,1.7376246094,2.6403048956
0.0255733692,1.6434813646,2.0411701154
-0.1173239124,-2.9515526092,5.9168701188
-4.3455604589,-4.8050754371,28.4940465765
-1.44501564,-2.3902496687,6.8685695373
2.9126799782,1.6438902212,3.7558086008
-3.0337399743,-2.5861859561,14.3759501439
-0.7320501995,0.4440863781,0.0636079561
-2.8056407933,2.1184347825,-0.5490639039
-1.0998626264,3.2351739544,-0.6433760847
1.2795059425,-0.9474507916,1.2090882151
4.9415795088,-3.1502967991,4.668393967
-4.8671830447,-4.8074039308,33.3042786524
1.8633649549,-4.972620694,5.3635621644
3.535013728,0.7293577103,0.1249727366
-1.8449775378,-0.2959782502,-1.2141644717
3.1052801754,-4.9891452562,5.7046497267
-0.899856999,4.3918148593,-1.3989831618
4.4694304233,-4.6582939793,5.9027501723
4.3286441963,-0.6868899727,1.8619943937
-4.5482403679,-2.3392155573,25.3649215587
-1.7069898687,4.0962378108,-1.6696036631
-1.2831752247,-2.3387344608,6.3240075789
4.0453331192,-2.7708457742,3.8193395231
-3.4488943596,-2.25120575,16.3972838035
2.3928425845,3.0538959761,4.1171577992
-1.8359755214,1.7939062128,0.0572263014
-2.0512786066,4.8685302037,-2.0134740086
-1.3018626117,1.4552919728,0.3424054792
2.8566807787,1.8299606201,3.8289931662
-3.5705693114,-3.3398922981,19.4287498037
0.8508152577,3.3503700096,3.3482149365
-1.014774673,-3.2112722325,7.452312102
-1.9044845325,2.3821695468,-0.2637390887
4.7427141236,0.3295328955,1.0645518051
-3.8566508555,1.8617973785,-0.9703682853
-0.2657734933,4.8016657389,-1.1289042231
0.4704405019,-3.704762958,3.7991296856
-4.3984813007,-1.2601501354,21.866938023
0.8049526831,1.2249061634,2.686118287
-4.9133825286,1.1845325078,-1.5303682104
0.9615791533,1.2553973653,2.7917084043
-3.053705985,-1.2529641584,11.8310485593
3.3915963503,0.9435526971,-0.1376673667
0.6748344317,-2.3470884777,2.4828809014
-1.910554086,1.4166347071,0.0328635698
2.5028630428,-4.8212961745,5.3683423986
4.180616503,0.6108128614,0.4961551396
-0.7883646899,-3.585937265,7.7933934143
-4.0460959556,2.9684660581,-1.8507849358
0.4460567789,0.6826608983,-0.5932121189
-4.1997401264,-0.5435749929,-2.6170690653
-3.7920409125,4.8880267351,-2.8806357566
1.6287152876,-3.1707041452,3.5084795283
-0.0886011581,1.1699874099,0.8764451066
3.9891591488,-4.7808555013,5.8060372329
3.4448611933,-0.9886301417,1.8122398593
4.5482336225,4.5930639602,5.0860448924
-3.4792218248,-3.9648377598,20.0346600258
0.3138281215,1.9185921286,2.4713203643
-4.8672378304,-4.502919172,32.6958424415
3.4332787104,-4.223921092,5.0436503535
3.154846557,-3.108893537,3.8394939221
-0.6386159835,-3.5230475065,7.4539253874
3.1265134239,-1.8209792407,2.5429240265
-3.7566979544,-1.5545237674,17.2218270558
-1.897693566,2.4552907337,-0.3151660764
0.6033362931,-4.9176790132,5.0389353651
-3.6872369625,4.6537376888,-2.8418989872
0.3133680964,1.4335062065,2.3710221072
-1.0074526785,-3.8967280299,8.8084169591
4.0649973806,-4.8461331209,5.9029174903
1.6412950372,-0.5035634651,0.8441442385
4.9472404187,-2.5355755298,4.057420571
4.7916737876,-2.7730236397,4.1963304606
-3.5134284647,-0.1256431184,-1.8820270405
-2.9260717985,-0.0461477719,-1.5091672934
-3.2138546814,-3.613502515,17.5558669433
0.6467528298,4.9608570644,3.4370940155
-0.3978311159,-1.0041778854,2.1666253676
0.3078843226,2.7941110861,2.6207178751
-1.0228433039,-3.6706810677,8.3875705597
-0.8308747343,-1.072772555,2.8358979342
-2.1787734912,4.5745895327,-2.079907416
3.2567574211,1.1976173313,3.5893064538
0.5471309947,-4.2836470613,4.3935121222
2.0093622872,0.1704970044,0.2545051326
-4.7808207768,-1.7767957965,26.4098388926
4.0326940343,-3.0996335175,4.1428345379
-1.2329574801,-4.9377760969,11.3957363417
3.2224939374,4.5756054866,4.7565140226
-3.5326753453,-0.2013349836,-1.9663151988
3.3942563125,0.7224073072,0.0843558953
-1.3200807022,-0.122894372,-0.7826256105
3.9990926589,0.2516989468,0.7775658273
2.2653998187,1.1118356226,3.2581064432
0.3177428701,-2.827979364,2.8916136218
2.9079403842,-1.3637800844,2.0212206511
2.3299213053,-1.5958833254,2.0988075623
-2.1727084131,-3.6644335936,12.0495290356
-0.9252979631,4.6451145904,-1.4603869131
-4.7388676286,-4.9328196383,32.3225056779
-2.9221621587,-1.7285856369,11.9962029557
3.1518271975,-4.4016706684,5.131345257
1.5455817986,-1.7230171446,2.0423706148
2.63692934,-4.3561138845,4.9385246992
-0.5024212039,-3.5465504348,7.3455279357
-4.9478564728,0.6864256884,-1.840151788
4.6523326177,4.3624382115,5.0584964207
1.2182957566,2.7088913761,3.4586687116
4.6955664945,0.1519036379,1.2147848425
2.1190296283,-0.7812282855,1.2323735559
-1.907848007,-2.677281162,8.9944463418
3.2718763923,-0.4519108384,1.2190421201
-4.9315480997,-1.8392945901,27.9987558401
3.8801357203,-0.4225151841,1.4039466083
3.0395551117,-4.7847828287,5.4805968024
4.19044456,1.6102157171,4.0473727524
-1.8383764116,2.8863859331,-0.6667427668
1.6405091695,-4.4927682266,4.8331736044
0.4759323326,3.5688908362,2.992714792
2.7806293246,-3.8190925144,4.4406581745
1.8124188945,3.9786346809,4.1054689545
-1.869062407,-4.949434973,13.3922642273
3.5365794963,-0.5395271233,1.3943994336
-0.266953817,0.14477558,0.0107934527
0.5187580391,-4.043547341,4.1476728333
3.5503518029,1.2581429545,3.6987026017
-1.5873267514,-2.6862980073,7.8922022302
-4.9914411967,-1.4249969392,27.7644790987
3.6177874422,-0.5409662558,1.4243479621
4.2962269611,-0.0160595091,1.1758441852
0.4919294006,-3.8832949738,3.9819995392
-4.31251618,-2.1331323709,22.8640605442
1.6758147582,1.1949989028,3.0994775133
0.5619044301,-3.7593821506,3.8722385424
0.5979669198,3.9196587313,3.2071157376
-1.3478058482,-1.0903584104,3.9972974251
3.4110479826,-1.3372328406,2.1495552885
-0.2203439672,0.9987525792,0.7306243624
-3.1883488244,4.0844944824,-2.403440574
-2.873683239,4.2476863964,-2.3307965137
-4.7038530558,-2.0313106523,26.1888548748
2.1475312884,3.892150521,4.2362866265
-2.0028383855,0.4783885515,-0.5410699628
3.46848932,-1.1845456753,2.0161176145
-4.0113370191,-3.4349195973,22.9606638759
2.3835880987,4.1629011497,4.3908378491
-2.4339758913,4.4146132118,-2.1729793765
0.386440715,1.3025804538,2.4077093359
-0.4687961065,0.8663032523,0.5275419055
-4.0537876612,4.7232087639,-3.0268352973
4.1309748371,-3.2824657968,4.3675789759
4.2784865833,-2.8698296101,4.0213277568
-0.7183112451,0.7541136722,0.3254872897
4.9114452566,1.8384188972,4.3055101879
0.4980617917,-3.2400163275,3.3399594708
-1.9352369222,3.7162219291,-1.5111421053
2.5221838549,3.5034914766,4.2860948368
-0.6682291515,1.136774738,0.573167345
0.6551177862,3.7399757761,3.2384103611
-3.5413885869,-3.6222008047,19.7858347332
2.8819077839,-0.6878392835,1.3378482968
3.275982093,4.4214013947,4.7398351189
2.2795817179,3.80889103,4.2703385528
-4.3785730985,-3.2395834189,25.6510692163
-3.389394826,-1.9296639149,15.3473251166
1.0134119472,3.9053365102,3.600944884
4.5073811323,4.4466222394,5.0465499611
-4.9393369259,3.4873403932,-2.808568725
-2.397234989,-0.383361038,-1.5726571401
4.9264836465,3.5943786256,4.9289323984
-3.7008507779,1.923877192,-0.9121135545
1.3343931171,-1.1161277606,1.3895283274
4.6031653887,0.4633646812,0.8516253762
3.7199610635,-2.0703443215,2.9907813273
2.1474616263,-4.606387211,5.0643939218
-4.2796560082,-0.3967674117,-2.5262669059
4.7541981462,-0.577844239,1.9787112481
-4.9217468631,-2.3044606095,28.8325134037
0.076301492,-0.0237818763,0.0390433594
-1.6672352848,3.6525815474,-1.3226577021
4.7185402752,-4.5274662485,5.9074151056
0.8199850734,0.1310718146,0.0344114253
-2.9524347205,3.9386632803,-2.1915294622
-3.1440282876,1.852790451,-0.6115117034
0.7191662049,0.8387342565,-0.6939008642
-3.9243968738,-1.4793054961,18.3595018151
1.3292603538,4.2923446656,3.9029494985
3.5730360265,4.3138208373,4.7981003447
3.1793473595,-1.0233691756,1.7615123778
1.1330517706,-0.3388430149,0.5694137222
2.9274959182,-4.1113790009,4.774435634
-1.8703334017,0.1579067352,-0.7779153699
-2.9885355732,-2.7870439702,14.5054328129
1.35990061,0.1287879492,0.1501031479
-2.0530261012,4.2608620243,-1.9262949302
3.8374450457,2.2460464238,4.263748597
2.9141849255,-1.7685722545,2.4278030135
-2.8539236874,1.4601822827,-0.4330733418
-1.04021679,1.5614304734,0.4798477457
-3.5063924981,-3.303338106,18.9014645628
-4.4718635738,-4.8058656347,29.6092950923
-0.1477422273,4.4013186438,-1.0258776227
-3.2189473233,-0.2000234508,-1.8081659757
-1.2274858658,-2.4307866949,6.3682949406
-1.6186556385,4.1359360245,-1.6477290682
-3.4059045472,4.6275359721,-2.6993544166
2.2688669653,-4.2698450751,4.7575625461
-3.1826654898,0.3941506469,-1.2073086448
-4.1587957645,-1.5157445901,20.3270713912
-0.207151633,0.398608235,0.2845602486
1.2196032677,2.9791265061,3.5332806712
-1.3647095941,2.3189552534,0.0505877781
-2.0446942551,-3.4705343084,11.1218432137
-0.4529061816,2.1374008153,0.6172753543
4.7091264342,3.2343339895,4.7869160742
-3.5184452379,2.1110450428,-0.9016418379
-3.7442204116,0.4587330349,-1.4292977221
1.2663712192,-1.5336549138,1.7924874888
2.9039457074,0.1572777735,0.499019136
1.8217215012,2.5488555412,3.7304698767
4.7927929868,-4.1956826671,5.619666999
3.0309337332,3.1624429627,4.359452553
-3.0652311924,0.2859762291,-1.2505214294
-1.6900139461,-1.6381097863,6.1323667105
1.3917683649,-2.1007895608,2.3865622707
-2.4097241203,-3.2558852188,12.3185407737
1.953528578,4.5655112577,4.2944376642
-4.2943211077,-1.8988248974,22.2388435708
1.8012609669,-4.9079985235,5.2846893264
-0.5484252405,-0.0598647524,-0.3340416219
-3.946634974,-0.1331572672,-2.1060816042
-3.440926407,1.4007215991,-0.7348910819
-4.8498617785,-4.3345011896,32.1901616497
-0.2832723773,-0.7516149014,-0.8244556647
3.2284277412,-4.9514611469,5.7048799401
0.598489833,2.259311905,2.855340519
-1.6381679569,0.6078252391,-0.2480004102
2.6112191486,1.2994301819,3.4800344392
3.8663118103,0.2022321267,0.773786131
3.1238506726,-3.016918365,3.7380533443
-2.5509790094,-0.4995073066,-1.754482606
3.0666463094,0.8922951548,-0.1884091513
-3.0770297321,1.2530196946,-0.5885823976
-1.0359537425,-0.5281145071,-1.0218824982
2.0515452886,2.0155784263,3.6360896631
1.8817029591,-2.1176707752,2.5128464751
2.6596643282,-1.1447934691,1.7333098447
-0.7688716756,-1.01252138,2.6162064135
-1.3127298607,1.223590448,0.2839622124
2.120036807,4.4274408188,4.3404912403
-2.1102519633,-4.6794586662,13.8120806809
-3.1270642831,0.1361998237,-1.4277530208
-2.2506945314,-0.1910745807,-1.3152612943
-3.5448603834,-0.4128247494,-2.1736285625
3.3643998491,1.2758756003,3.666301244
0.1733903407,-4.8179523525,4.8526443282
3.2297785982,-1.2590559816,2.0128983924
0.8053100746,1.4398197543,2.7698773403
-4.296486736,-1.0680322103,20.5958626935
-0.3565685988,2.0025596741,0.7299449495
0.329602333,-0.6440235832,0.710039702
0.9663393365,-3.4091883141,3.6048990305
-1.436351567,-3.0991059674,8.2613177589
1.3532702496,1.5741007118,3.1410916812
-3.2664285934,-1.1268985012,12.9233527583
-1.657589596,-1.6385553164,6.0247139014
-4.3347462536,3.6432065616,-2.648214378
2.3789361672,0.5165178026,-0.0012498484
-0.6523823503,2.4543419037,0.308223256
1.1689091167,-2.3502035298,2.5883396014
-1.5914271998,3.9126895762,-1.492635912
1.4610074844,1.2097223551,3.0179130987
2.3495464809,0.7235578936,-0.2157060993
-3.4434863557,-0.7635809067,-2.4132557706
-1.3138882692,-1.9000988027,5.5264999892
1.8631598497,2.638082818,3.7775202353
2.4005606615,-2.4570565288,2.9778099054
-3.8658090055,2.7531265028,-1.5541352053
-3.9441450491,1.7142471194,-0.9823439575
-0.9363922751,2.320028666,0.264015783
3.738226381,4.6946397029,4.9204496264
-3.2925550127,1.4232672114,-0.6571402028
0.9211298886,-3.7400810863,3.9264199135
-3.3178851054,1.1711727221,-0.7377350487
-3.2332945011,0.2264560287,-1.3921217971
-1.702246553,1.8956675505,0.0965685615
-2.8741272399,-4.2672975205,16.795202432
0.5094939004,3.3072819801,2.9876956239
-2.0872175149,3.5029037975,-1.397109783
0.2175153148,1.3675374314,2.2604087652
3.0096960273,3.1843524899,4.3593371001
-4.7731127124,1.9476543674,-1.4567308893
4.9628473295,2.6277921946,4.6420052285
2.6795256515,-1.6653539855,2.2592309856
-1.9908782088,-4.1520157579,12.2676275582
-2.8134394034,4.4223023113,-2.3649387904
-1.249452129,1.0702564932,0.2525975595
-4.4095279791,-2.5596337108,24.5632044204
-4.9144565382,-2.738284158,29.6284513822
0.4128498934,-3.8258978373,3.9086559777
-3.2586949954,-3.9928560007,18.6048050743
2.4190395777,-4.9254610525,5.4509215306
-3.4319008468,-4.8994276737,21.5767987701
-3.8271339941,-4.9303650499,24.5076847083
-3.588373212,-2.6501340011,18.176690311
3.6115047642,-4.4005289717,5.2816760675
-2.3864014952,1.4030154665,-0.2072429685
2.2703280163,0.8101014508,-0.3220222104
0.114918045,-2.4585371521,2.481524809
-4.0962964352,1.0085500421,-1.2020884386
-0.5076534997,-2.4730483425,5.2038087607
4.5973992127,2.3092587087,4.4524337469
-2.2846737583,-0.0417825748,-1.1841072978
-4.5699852809,1.3905308987,-1.3011965018
-1.6379863088,-3.7618297681,10.206658684
3.2993653848,0.8340758059,-0.0581742468
2.5442544142,-4.8178816948,5.3757327235
0.4375276339,-3.076648713,3.1643782756
-3.6261458021,-2.4791115422,18.1071564623
-1.0170861283,-3.8796189387,8.7937020699
-1.4618933538,-3.1907477442,8.5186276664
-4.6889980532,-4.1153488324,30.2174004076
-1.3430419473,0.8922087892,0.1069391156
4.438490857,-3.6020778348,4.8308833907
4.3374951645,1.8902067942,4.219069
-0.2047059079,-3.6537920875,7.3494886837
0.186414203,-3.7920894196,3.8293895443
0.6036981771,-3.2179371632,3.3392669567
-2.3072150503,0.023106445,-1.1305031362
1.4197026534,2.4743992804,3.5069424494
-0.0022880485,4.0753188409,-0.8049860364
2.0507383778,-3.7569726283,4.1917794162
-2.2313068277,4.1139614101,-1.9418758687
-4.7384750487,-3.3921920586,29.2375299047
4.0518683908,4.5100304203,4.9587596161
4.3324484095,-1.8296701129,3.0065876229
-0.0302242822,-3.2643895085,6.5296925241
-4.4695697258,-0.5808427812,-2.78351356
0.3126806779,0.8353243633,-0.7727065785
-0.5562142551,2.4678103671,0.3458390487
-2.5420952208,4.8014336503,-2.2670857526
-1.396232,-3.3862828538,8.7220295054
3.9512140823,-3.8812298226,4.8909663752
3.9238184669,-2.5474308649,3.5461627293
0.2658944555,2.5504227332,2.5176879822
4.9109823913,0.0058110637,1.4922496273
3.8122338062,3.3255339629,4.6157677196
-2.0628796591,-4.4554554426,13.1663833733
3.1519963798,0.0412796446,0.6884467972
1.0252903932,2.8732754278,3.3726876313
-3.2110241742,-2.3445299503,14.9997361478
2.2080103507,-0.5065941107,0.9793332607
3.1044636788,3.4907864446,4.4712318856
1.7326442565,-0.1327768466,0.4938766389
1.4794252544,3.2404981311,3.7568358043
-4.4295817879,2.2627560741,-1.4447938112
4.6269309099,-2.4989253702,3.8269692829
2.2904009291,-2.4854729865,2.9785329549
-0.6888590958,3.7550807503,-0.9201525287
-1.8987025454,-2.9792981907,9.5636677374
0.8299146661,0.3346378421,-0.1671136264
2.7206533064,4.293603261,4.5401368189
-4.3066737576,1.7633252753,-1.1718133978
-3.3595624487,0.5186423599,-1.1840797302
3.9514409955,-2.1432520207,3.1530802307
-4.5588835877,3.4184870999,-2.5528115053
-3.54179899,-4.917717382,22.3797748494
0.9786078664,3.3038757484,3.442957924
3.9757640366,-1.7394978123,2.7591999121
3.1521706358,-4.3292866027,5.0590664553
-0.0193746944,3.6189884912,-0.4691550807
-1.6181737853,3.3456990823,-1.0117791106
0.552233374,-4.3151676048,4.4260655752
2.4178886648,-1.103425363,1.6285921387
-4.4424307452,-3.1466683317,26.0285275898
-4.9833219871,-1.9503943404,28.7342867078
0.495134902,0.3365505322,-0.2371985796
-1.3068171887,-3.5914641584,8.8906994813
-4.2601156574,-3.6622760555,25.4731375256
1.6228943179,4.4317041745,4.1031809591
-2.1941043614,-4.030623214,12.8753403766
1.5305894001,-3.2131440311,3.5291963679
4.5799109515,4.3308763602,5.0366356122
-2.2600168521,0.3144282386,-0.8207356341
-1.0367322653,0.0376185906,-0.4807564142
-0.2097908852,-0.713699938,-0.7595306375
-3.2351393313,3.3808566885,-1.8545573569
-4.7679669752,4.6055244577,-3.3782789065
-1.1003328899,-2.0195857073,5.2499038831
4.9560891244,-4.232704564,5.760433943
-3.1202740943,-4.7009426151,19.1379956534
1.0150650887,4.2819548735,3.6764352027
1.7324358926,-0.5686099966,0.929662683
4.6339432855,-2.9858520802,4.3177792495
-1.4885600949,-0.6143021495,-1.3206684435
1.4795286941,-2.6715270125,2.9763828749
-0.4960571246,-4.5875986308,9.4212699325
-0.6887914396,-0.3022801107,-0.6420934294
-4.7866543843,-2.6012780153,28.1146162255
-2.163518358,-1.9591971556,8.5992059966
1.8896219465,0.2853909301,0.1116170476
4.3792610476,-2.4948442283,3.6943421001
4.9916354313,-0.0857084281,1.6374004417
-1.6080003685,-1.0885047558,4.7626746966
1.2765517272,-1.2926440129,1.5536502452
4.5886800072,-4.8636000904,6.1707134357
2.1873598265,-0.6968456765,1.1645415345
2.586068462,4.373455231,4.5104163791
-1.4041747898,-2.6500805378,7.271867916
-3.1564297132,-0.2183227731,-1.794807372
-4.6594046517,2.0040971683,-1.42211755
-0.3953649942,-4.2360162262,8.628345931
4.5686544019,-3.025407709,4.3217294405
2.0406639553,-0.8917996503,1.3242127197
1.6703882076,-3.674239285,4.021326594
1.5383001281,-2.1112479059,2.4289972603
-1.2290133827,4.8311603354,-1.6074616616
0.9089006674,-2.7126227123,2.8964319181
2.183729456,4.202516276,4.3201458544
4.0897961317,-2.4806890992,3.5480276392
2.4119893687,0.8387772339,-0.3151147913
0.168042287,-3.508197848,3.541818965
-2.9107770883,2.5490299366,-0.8968998847
-3.0033025511,1.8820305908,-0.5496949538
3.7081824069,1.3918246777,3.8182617902
-0.2976855382,4.6684690037,-1.147878442
4.8061043042,-2.720494659,4.1525703029
0.2362155296,-2.1877491572,2.235027442
4.3388480108,3.6615978882,4.8265510066
3.556386399,1.9404367498,4.0669821024
1.0590978672,-2.4752646875,2.6903101081
0.8000397361,4.6427472335,3.5506178941
1.4967062958,3.5019904767,3.8312127185
-3.2007176513,3.3893413784,-1.8455808713
-4.7664859723,1.4328416802,-1.3927436464
0.3507588611,1.8207923159,2.4938782482
-2.0354722171,1.1746829187,-0.0951685647
0.8329950797,0.5830281704,-0.4148705166
-4.5246114173,-0.9060043219,-3.049350822
-4.6075343936,-0.0737089525,-2.3774094239
4.5920452097,4.7417125997,5.1256264997
2.5236707747,2.2246511332,3.8892320138
-2.4629448786,4.1085312633,-2.0546236874
2.7656925757,2.3974639535,4.0321728032
2.454363481,1.6018133404,3.5956294461
2.2490499361,1.0929768582,3.2407365207
1.2463669682,-2.3101160027,2.5646840867
4.8610866646,2.6150051927,4.6182543598
-2.8968740886,1.3821509022,-0.4661778866
-3.360729531,2.9406553937,-1.480776945
4.5231390979,0.9121810654,0.3600242856
-3.2810525824,-0.7508915631,-2.322817127
-1.3151169212,3.6593625846,-1.1525020678
-3.4697307162,0.1489455263,-1.5864699416
3.4535893664,-1.3701663137,2.1967100087
4.3967813935,2.5704159064,4.509725826
-0.6954860231,3.3224417922,-0.52760794
-3.8138913579,-0.6371949305,-2.5018888394
-0.5822428589,1.8355795968,0.6740278123
0.9383253779,2.1639996246,3.1087394242
0.4668334508,4.8860599714,3.1881410114
3.7321625139,3.6899662319,4.6927032805
-4.8488746455,-1.7055618144,26.9227089562
-4.7886719637,-1.7815534616,26.4944860995
1.898356782,-4.6840076484,5.0830393476
-0.3772124778,-1.6737973374,3.4898839283
1.9233273356,-0.9854164034,1.3902490154
2.5745124924,-2.3695924578,2.9354053269
0.9787575498,3.4864117407,3.4844078382
-0.0483112511,2.6645073559,0.435036266
-2.7884622028,-2.0959473286,11.9674161138
-4.4692958848,3.4413823438,-2.5299672259
-1.2870081462,4.1816751187,-1.5059500429
-2.4404410285,-4.1043393476,14.1644311086
4.6929379819,-2.2294524531,3.5946343865
-3.9963203325,-2.8454930333,21.6615622666
4.5879753849,-2.6965566877,4.0032884031
0.5023011817,-2.5174900695,2.6182896327
-3.2004652687,-4.6819949361,19.6069678084
-0.971164612,2.6054775854,0.0252176744
3.5588704123,3.9997004942,4.7235570623
4.9226556486,1.5884191473,4.1769357538
4.6636488921,-1.677324413,3.0258640835
1.7204536472,1.5761133577,3.3114711264
-3.3485534851,1.6426867283,-0.6768597447
3.0164240153,-4.9059500283,5.594919948
0.0605817581,-1.4984158657,1.5105328103
0.7224790036,0.5565480341,-0.4110381187
3.1774929741,-4.3906468177,5.1282172253
-1.3978641224,4.9379956438,-1.6735906384
2.0739091665,2.0637358986,3.6639262487
-1.9434654822,-1.1028858776,5.9828298358
1.5164909179,-1.1915836005,1.5045373372
2.6450579975,-4.048564002,4.6331540655
3.1218822229,1.3953933803,3.6782648106
1.207192305,4.7520424452,3.9075596623
4.2715711423,4.5910947727,5.0258340324
-3.4434121308,-1.9549666714,15.7670204455
2.7898201393,-1.7936962021,2.417813106
4.8928576253,-0.8734137037,2.3597778386
-3.3786139636,0.7803660637,-0.98576737
3.8894015504,1.3766955936,3.8491666817
-2.5723617782,-3.3983329251,13.4137109679
4.3956040061,-1.9495905522,3.1570912545
4.5102882962,1.8215215981,4.2208963488
1.7363322832,-3.714277048,4.0762108465
-0.7040051874,-1.2772430783,3.0501094605
0.6911755677,-2.8066610514,2.9457834568
3.8241468646,2.9854689621,4.5190561745
-3.6730723443,3.648343921,-2.3218755344
1.7279674066,-1.9362955645,2.2963383777
-2.8738179466,-1.267329186,10.7934879623
0.1067574158,-4.4626106397,4.483965368
1.871309459,0.6858513932,-0.2930770419
-3.0053131101,-4.4055665463,17.8430399824
3.3226141262,0.9272077354,-0.143830146
-3.3031425164,2.6719605857,-1.19901304
-1.091045581,2.0405978346,0.3461353745
2.8776800062,4.919560881,4.7184573244
-4.8060317098,0.4403655885,-1.9767456515
1.9668716838,-4.2222754631,4.6372803574
-2.3375166029,-1.3522889899,8.1685618487
