0.6835415145,-1.5327709979
0.981871954,-1.035927466
-3.8891434877,-1.2647270538
0.2519405699,-1.9365259492
-0.4665189047,-0.6830393658
-2.1035150434,-1.9131870033
0.9957162978,-1.0085490543
3.2111041316,0.7480014766
-0.4428831837,-0.6499878482
0.5130763436,-1.7367526656
0.5452729229,-1.7026774396
-0.5440130307,-0.7895803691
0.0512476759,-1.9973736757
2.4034310473,0.5214833527
-3.8716978346,-1.2689009078
4.3593746054,1.189844085
-4.1567685894,-1.2288109288
0.3249861562,-1.8943839983
-3.0988581807,-1.5921505572
-2.7508516524,-1.7562994956
-0.7847347607,-1.0990049094
1.4713945777,0.3030787267
-1.0841712467,-1.4260017787
-4.6326972754,-1.3195223414
-2.3431036741,-1.8878543713
-4.6396060283,-1.3224505242
0.5719779136,-1.6728412663
-3.7546496695,-1.3019543783
-2.8279452079,-1.7225027884
-3.8484380128,-1.2747808341
3.9300976403,1.0012435022
3.2185358474,0.7503220196
1.1294479366,0.2298117485
4.9602410404,1.530501358
1.3136450642,0.2689458101
-0.5696038426,-0.8241004024
-1.8877035317,-1.8940555324
3.68870371,0.9089551802
0.2318180971,-1.9462603698
4.9686261065,1.536121094
4.5151474076,1.2680285821
-0.4484307761,-0.6577673841
3.8567912515,0.9723071593
-1.3182790094,-1.6274260628
-2.3803649962,-1.8799932741
-1.3152082355,-1.6251189028
1.2119338428,0.2472478892
3.5632295186,0.8641398325
-4.7382286935,-1.3694481736
-2.873965108,-1.7014267396
-3.1971939645,-1.5430243155
0.862682727,-1.2557785125
1.6571982537,0.3441342175
-3.951965377,-1.2514385722
3.7849923693,0.9447547165
-1.1765585215,-1.5115688558
-3.707763736,-1.3174773365
0.3790272457,-1.8563383471
-1.3888873127,-1.6779437867
-4.0526539433,-1.2361723147
-3.4086536166,-1.4404290778
0.2367094864,-1.943968619
-3.0094806132,-1.6364683773
0.3660388282,-1.8660155762
1.2912030793,0.2641385298
-1.324172555,-1.6318284676
4.4953393416,1.2577486915
1.4119252815,0.2901383735
-4.3562046072,-1.240868149
-2.0096354535,-1.910063242
-3.8014470558,-1.2877217035
-1.6390797663,-1.8172094748
-0.8098641353,-1.1291255569
4.7997375566,1.4281979265
-4.0931413234,-1.2322552977
-0.3831861558,-0.5654705298
-0.0415920398,-0.0623760691
3.6683076184,0.9015331919
2.7676026426,0.6179595995
0.9770726841,-1.04532897
0.2755845215,-1.9240531715
2.8362746396,0.637102485
3.4057476902,0.8105644042
4.5701902033,1.2971453874
-3.7954751972,-1.2894649319
1.8397167342,0.3854989926
-2.248506043,-1.9032638141
2.9440690305,0.667839038
3.8456315039,0.9679745617
2.2884555901,0.4925764078
1.6368406849,0.3395868675
4.9048979314,1.494120049
-3.7857892178,-1.2923383897
-4.8981498314,-1.4662789055
-3.9167731478,-1.2585415611
-3.7641688609,-1.2989544807
-1.6201119796,-1.8088402194
2.4808151833,0.5413307955
3.3763606302,0.8008715119
-2.0051078397,-1.9097138828
2.2653434036,0.4868454296
-3.1496907048,-1.5667473897
-3.5628207984,-1.3725288485
-2.0831217565,-1.9131678053
3.9430652409,1.0064505295
0.1644132461,-1.9729682845
4.6699949504,1.3521231542
0.7914344703,-1.3736314792
3.5558859589,0.8615776281
-1.4582707776,-1.7228110666
0.0768323244,-1.9940967939
0.0166667191,-1.9997222205
-3.2558987904,-1.5138920144
3.406870371,0.8109365316
3.9797049502,1.0213111223
3.46060844,0.8289093065
3.8640550438,0.9751373279
4.0080781414,1.0329725517
0.2091740181,-1.9562462302
1.7053274799,0.3549361518
4.3180142596,1.170055327
0.2068292743,-1.9572216513
2.3094611932,0.4978077089
-2.1996105546,-1.9085308089
-3.7800831852,-1.2940575693
1.1439779664,0.2328732839
4.4652424071,1.2423236402
3.9032101676,0.9905326966
-4.1921186606,-1.2283744989
-0.2609744975,-0.3885094231
-3.1670864123,-1.5580522089
-3.626977615,-1.3469399169
-1.1826585451,-1.5169447221
0.9005305597,-1.189044711
-0.7222473081,-1.0221961986
2.5353493454,0.5555180828
-0.7643388766,-1.0742293628
2.1270454931,0.4530761386
-1.0914702829,-1.4330410816
-3.1566070903,-1.5632896726
0.7177279214,-1.4848666308
-0.8725087359,-1.2021985976
0.9414970791,-1.11358325
3.0528761731,0.6997754363
1.4139599532,0.2905796158
2.5972496835,0.5718316712
3.6670954415,0.9010938103
-1.4627994862,-1.7255737502
2.3599808028,0.510479678
-4.0092041056,-1.2418154938
-4.7589154602,-1.3805398915
0.9104349615,-1.1711081809
4.1033455693,1.0731523927
-3.5081566812,-1.395668488
-4.8556273886,-1.4380547872
-3.2107167851,-1.5362892954
-3.021191464,-1.6307062341
0.8574207795,-1.2648296068
-0.7036075681,-0.9987764935
-0.264203176,-0.3932417642
3.4591699724,0.8284240571
0.8590441559,-1.2620431382
2.5347928526,0.5553724465
2.2031542877,0.4715514335
2.4267155014,0.5274211239
-0.8315796951,-1.1547863954
1.48028829,0.3050219082
-3.7458517367,-1.3047733538
2.0718790316,0.4398435659
2.0213801359,0.4278427631
1.9812343227,0.4183761831
-0.0658072166,-0.0986633378
0.2822127615,-1.9203559573
1.5335008767,0.316692915
2.8807795032,0.6496880618
-2.5374598074,-1.8367785304
-0.8321481116,-1.1554534317
-0.867944888,-1.1969745771
1.9263606617,0.4055388768
-4.941217592,-1.4966760188
4.0250494054,1.0400132949
-4.0961557352,-1.2320165729
-4.0277843979,-1.2392230424
2.4602178929,0.5360159974
4.287589091,1.1557414385
4.5300071687,1.2758084674
4.3997077201,1.2095201375
-4.6167097543,-1.3129286435
-4.2463142003,-1.2298180066
-4.4416809873,-1.2572586828
1.5092341978,0.3113609702
3.3858016782,0.8039755076
-1.9129873644,-1.8985154026
4.6091351531,1.3182537179
-2.1079342748,-1.9131437878
4.2458918456,1.1364481741
-0.1546476834,-0.2313558385
0.62217811,-1.6128943994
-4.6102496634,-1.3103365185
2.2166520241,0.4748554682
-2.6485541791,-1.797581747
-2.7479285806,-1.7575390801
3.5017042673,0.8428712197
3.3740650734,0.8001182056
-3.8813435683,-1.2665678351
-3.7317417294,-1.3093859748
3.1120971702,0.7175678711
0.1273964769,-1.9837701377
-3.1558493895,-1.5636684418
-0.7627652433,-1.0723057781
-2.0907694621,-1.9132172589
-2.2154458947,-1.9070333444
-0.0357399054,-0.0536022499
3.1955945094,0.7431751888
-3.4583852567,-1.4176722553
3.9642938659,1.0150336588
3.6979002816,0.912319764
-1.9618685378,-1.905435155
-1.6158394255,-1.8069054439
-1.114470399,-1.4549127429
-0.5930832837,-0.8554620419
4.6297247205,1.3295893108
-2.7745577538,-1.7461282793
1.1018411767,0.2240061026
2.734992551,0.6089830428
-1.1829586083,-1.5172082755
3.7972531364,0.9494063533
-0.0359101309,-0.053857479
-2.7679530906,-1.7489828388
4.4434394182,1.2312927228
1.337409971,0.2740491454
3.0220331263,0.6906255282
2.4158659998,0.524650782
1.537867555,0.3176541074
4.6527956517,1.3424394174
-3.6111936383,-1.3530663192
-4.8671405813,-1.4455204425
-4.7539171532,-1.3778207473
4.2156250525,1.1226714219
2.1511594309,0.4589017129
4.4935678567,1.2568343283
4.8299312646,1.4467141054
3.0039341131,0.6852925203
-1.5746161325,-1.7873007708
2.7256312632,0.6064193592
3.8281712041,0.9612332894
-4.8221503199,-1.4170928906
4.9142152592,1.5001603298
1.5611584574,0.3227899542
-4.0660517784,-1.2347307602
2.296777784,0.4946463909
0.1966578232,-1.9613257006
1.6062268356,0.3327721086
4.8927268861,1.4862802224
-0.2587631348,-0.3852666288
-0.3067852793,-0.4553882186
-1.736146392,-1.8544339919
0.1659876153,-1.9724481116
-0.283302807,-0.4211797196
-4.8299117071,-1.4218537046
-1.2112719278,-1.5417002237
3.4513220874,0.8257807356
-1.0383276087,-1.3807202276
-0.2470222252,-0.3680287763
-1.8813074777,-1.8928312533
-3.2211354863,-1.5311087626
3.6325295487,0.8886446903
3.7121431144,0.9175528845
-4.6226874292,-1.3153642018
-1.6005972385,-1.7998546049
-1.2081995067,-1.5390786296
-4.7137320792,-1.3568669415
-2.1069566181,-1.9131547953
2.4854277318,0.5425242329
-4.0829390894,-1.2331180648
-4.5170417204,-1.2775405372
3.0185060217,0.6895841544
1.0058979117,0.2039383828
2.5775744079,0.5666215835
-2.287529703,-1.8977205273
2.0605349568,0.4371385155
1.6032946195,0.3321208513
2.0329355553,0.4305796005
-4.6941687483,-1.347250358
0.5881378862,-1.6540938268
-3.3652708175,-1.4608177592
2.1420205941,0.4566908865
-0.0518532871,-0.077756697
-0.8402826398,-1.1649730617
-3.6925605317,-1.3227681421
-2.9041824662,-1.6872774818
-0.1035799675,-0.1551848356
2.9899142363,0.681179618
-0.8907484804,-1.2229168726
4.6929042906,1.3651626371
4.2591096336,1.1425241927
-2.1560769507,-1.9115955681
1.4814351721,0.305272643
1.6061824423,0.3327622468
0.7411470583,-1.450701038
-0.7278057545,-1.0291358126
-1.0642014551,-1.4065024785
-3.0858994806,-1.5986141269
-4.6389382305,-1.322165409
3.2150937324,0.7492465814
0.2562051141,-1.9343589395
-0.8205207646,-1.1417613895
-1.2135700181,-1.5436553313
-3.6535712227,-1.3368825358
0.1157170295,-1.9866095691
4.1575793736,1.0967666933
-2.5207645323,-1.8420912174
-4.7275711304,-1.3639008118
-4.4991217567,-1.2722162677
3.4575351455,0.8278728491
4.0312994174,1.0426187229
-3.1365925699,-1.5732963478
4.4818253191,1.2507938604
-0.5090308855,-0.7418466711
-2.4386166058,-1.8657993408
0.7865119486,-1.3813989546
-3.0469188186,-1.6179918786
-1.0423949276,-1.3848115775
-4.1966066415,-1.2283961939
3.3065025181,0.7781908669
-1.2111250139,-1.5415750681
-4.7637373806,-1.3831867298
1.1839761401,0.2413226591
0.7897586838,-1.3762812213
4.3964405547,1.2079120424
-0.4896236757,-0.7151056494
-4.6430242934,-1.3239169122
-1.2784121548,-1.5967654708
2.8378809071,0.6375542276
3.4965672854,0.8411154479
0.0939365833,-1.9911759183
1.7970414343,0.3757274555
1.7200584482,0.3582569882
1.1665885998,0.2376457036
1.9427580714,0.4093628075
-3.118503233,-1.5823389856
-2.8623094781,-1.7068214086
-1.3249360519,-1.6323963269
2.0231523485,0.4282621497
-0.0746351636,-0.1118834734
2.7836834095,0.6224127843
-2.3006011242,-1.8956051249
0.8043649977,-1.3529969505
-0.3334555192,-0.4940379143
-1.6793403944,-1.8337850714
2.7880620943,0.6236284426
-1.9355081086,-1.9019806559
-0.3022124697,-0.4487393695
4.1861556441,1.1094363657
-1.6241984197,-1.8106736569
-2.4470537388,-1.8635581027
-1.0316700321,-1.3739925734
1.772819967,0.3702092883
3.040167048,0.6959956311
3.4400450145,0.8219943683
-0.3468400135,-0.513347702
-4.7554078878,-1.3786291144
3.8179652938,0.9573138023
3.7077962453,0.9159528579
-0.1569170993,-0.2347324803
-3.7975561224,-1.2888550238
-0.5655046769,-0.8185943307
1.7317467288,0.3608968936
1.9402702429,0.4087819791
4.2237471707,1.1263499664
-2.8167081056,-1.7275534284
3.0002785794,0.6842186048
2.6402894966,0.5833111531
1.2323314568,0.2515811942
-0.6312826626,-0.905822031
0.9996604649,-1.000678955
-0.2870153158,-0.4265985582
-0.1915072531,-0.2860924354
1.7801745916,0.3718827232
-3.4281904154,-1.4314048052
3.6671633609,0.9011184242
0.0280382965,-1.9992138539
4.2237642453,1.1263577137
-3.5163107638,-1.3921451679
4.3647898637,1.1924638212
4.8055710652,1.4317503282
-0.4207725139,-0.6188519622
0.8356145271,-1.301748362
-1.3682019478,-1.6636488305
-3.5704988977,-1.3693730822
0.9275942834,-1.1395688454
-1.7216023768,-1.8494514905
2.5145039226,0.550074992
-4.1557824616,-1.2288384312
-4.2734017224,-1.2315182952
3.5464119656,0.8582816668
4.9044281173,1.4938163667
-3.2338500469,-1.5247984482
1.7662296558,0.3687113092
-1.375838954,-1.6689754054
-0.0839448854,-0.1258187732
-1.4479488114,-1.7164381347
-0.5839715095,-0.8433273802
-3.3738440336,-1.4567529799
4.9057935033,1.4946991723
3.0169828622,0.6891347564
-1.8820072509,-1.8929670944
-1.3384027113,-1.6423192714
-1.2299048854,-1.5574094495
2.7868314262,0.623286637
-0.499728872,-0.7290520198
4.7056486362,1.3724872574
-2.2898012884,-1.8973621141
2.714370738,0.603343251
3.2496380891,0.7600901928
4.5562061001,1.2896697762
-3.3443445485,-1.4708066589
1.6284359507,0.3377131429
0.7278973301,-1.4701654769
1.1418733685,0.2324295813
0.3221960619,-1.8961896977
2.3143673431,0.4990326988
-1.5108813471,-1.753646308
4.1294259464,1.084438873
-3.1431623694,-1.5700114695
2.7621138484,0.6164436628
4.2555687586,1.1408929129
4.7760148289,1.4138726601
2.5481232385,0.5588660257
-3.4177561622,-1.4362115382
2.0648693017,0.4381714262
-3.5326864029,-1.3851433953
1.3458877105,0.2758728831
3.3525804197,0.793094531
4.8252885345,1.4438459816
0.3850878674,-1.8517073344
-2.8973142769,-1.6905133264
2.6315702454,0.5809763272
-1.6926628399,-1.8389148821
2.0448811851,0.4334145893
-1.2134516134,-1.5435547191
-2.3338154522,-1.8896604963
-3.0476524383,-1.6176283287
-0.0585048748,-0.0877239426
2.2300953744,0.4781546204
-2.1771800293,-1.9103043276
-4.6965810504,-1.3484154679
1.8251681165,0.3821605918
4.7849349965,1.4192365763
-1.7860108029,-1.8699360153
-2.2359750538,-1.9047940143
1.6927903999,0.3521153568
-1.1029836954,-1.4440486315
2.029662301,0.4298037968
4.8870032619,1.4826130051
0.0836385401,-1.9930045946
1.5136327925,0.3123262388
1.8105467082,0.37881296
2.8131465661,0.6306183975
-2.7982545218,-1.7357595285
2.1151998524,0.4502237371
-2.3045260978,-1.8949450029
1.0225549885,0.2074107265
-1.7011661337,-1.8420969531
-4.8375375353,-1.4265896324
-0.5400361896,-0.7841851262
-4.6921118232,-1.3462614861
-1.0839461758,-1.4257839675
4.2189335521,1.1241682346
2.2790563629,0.4902426108
-2.1544831292,-1.9116780783
3.176477277,0.7372568052
2.4358253417,0.529752157
-0.8147446173,-1.1349227246
3.7076724913,0.9159073429
-1.2509173645,-1.5747321678
-1.0519732037,-1.3943899471
-1.0755872261,-1.4176629742
-2.7071178363,-1.774492989
2.2323777238,0.4787155763
-4.0184932708,-1.2404862306
-1.0665008575,-1.4087655432
-3.0475940543,-1.6176572631
-0.0930545062,-0.1394475221
4.0650678548,1.0568142057
-1.2380624379,-1.5641841305
3.9457264655,1.0075224823
0.9220994298,-1.1497326416
-4.5673243631,-1.2941656144
1.7051807657,0.3549031127
4.2440841104,1.1356200241
1.1032517144,0.2243023846
-2.7641766599,-1.7506078884
1.2439320329,0.254049602
0.9670394877,-1.0648346293
3.9733388453,1.0187132114
-0.3725012521,-0.5501969101
-1.2493944855,-1.5734907559
2.1685079706,0.463108825
-2.5846635942,-1.8209136243
3.1576500716,0.7314607308
4.3161820663,1.169187595
-2.0896211521,-1.9132130773
-0.1493936257,-0.2235353525
-2.9273846044,-1.6762659464
-4.7937920536,-1.4002074278
4.1583570568,1.097109383
-4.9082809462,-1.4732660269
4.0911467034,1.0679165383
-0.189848105,-0.2836337838
0.367706037,-1.8647922704
-2.5058836007,-1.846690004
0.0454002889,-1.9979388138
1.8456113067,0.3868537213
-1.8887249798,-1.8942474477
-1.0980273646,-1.4393245292
-0.2329824002,-0.3473715683
2.3649591696,0.5117354521
1.2323333559,0.2515815981
-3.1701616681,-1.5565157057
1.6250482859,0.3369585098
3.0046087139,0.6854908208
3.9576369372,1.0123342016
2.5066000915,0.5480177008
-2.0074793653,-1.9098991909
1.1801047994,0.2405034531
-2.2676631087,-1.9006884586
2.5560848883,0.5609575531
-3.0762888509,-1.6034018224
4.7787098006,1.4154903564
-4.2090332699,-1.2285478245
-0.8805109489,-1.2113198044
-0.2839065767,-0.4220612554
-0.8244692791,-1.1464221941
3.2378177318,0.7563669929
3.4136853574,0.8131983619
-3.9767988857,-1.2469645285
0.053656837,-1.9971209438
-1.664423575,-1.8278319576
4.7475497083,1.3969352264
0.887984771,-1.2114830465
-0.0510598599,-0.0765676063
-2.1840321482,-1.9098061073
2.7874465807,0.6234574769
-4.6914708696,-1.3459542105
4.0707957989,1.0592421931
-3.1389680954,-1.5721086029
-4.2865053661,-1.2325786382
-1.5817938518,-1.7908364537
-4.2546077546,-1.2302685656
2.7746736957,0.6199155711
-4.478453751,-1.2664651611
0.938407036,-1.1193922348
-4.8601980809,-1.4410029319
-3.8691554962,-1.2695261991
0.2956234951,-1.9126067492
0.8363885208,-1.3004542423
0.6202885807,-1.6152420766
-4.2939544813,-1.2332510701
-0.3827667105,-0.5648717479
2.3031394475,0.4962310298
1.0670041721,0.2167003704
-1.1588853022,-1.4958000475
2.623942623,0.5789376923
3.6875238786,0.9085243511
-1.6275368712,-1.8121591227
2.6182762793,0.5774255787
-2.0404737724,-1.9119512085
4.8116206843,1.4354468911
3.4257693449,0.8172212815
0.571179108,-1.6737544265
4.2478979279,1.1373679869
-2.6885084447,-1.7819948502
2.7421321076,0.6109422148
2.3455434777,0.5068451171
-1.1581641916,-1.4951505492
-0.1920543876,-0.2869031061
-4.3523981009,-1.2402990139
4.5883192036,1.3069179132
-3.1756766547,-1.5537609252
-4.4653264391,-1.2630282402
-0.2452003763,-0.3653509006
2.0776432132,0.4412201313
-0.8116931645,-1.1313001521
1.1667249436,0.2376745126
4.3874520429,1.2035009735
2.2650209129,0.4867656467
-1.6766615906,-1.8327322999
-3.0422901191,-1.6202844709
-1.2524677079,-1.5759937066
-4.0960709495,-1.2320231862
3.3387677505,0.788604193
2.6601368384,0.5886436156
3.4533241443,0.8264544158
3.0920107407,0.7114995304
-2.8294286632,-1.7218330929
4.6303374252,1.3299285358
0.1875954689,-1.96480794
3.9823166797,1.0223788847
-3.2298333486,-1.5267904479
-2.9081655234,-1.6853958214
2.1705269421,0.4635993127
0.158310509,-1.9749377827
0.2029671777,-1.9588043248
-0.5522599982,-0.8007425955
-2.6679029476,-1.7901242938
2.4039390727,0.5216125956
-4.6140637312,-1.3118618997
0.901792438,-1.1867703988
1.3646461373,0.2799142954
3.9893691345,1.0252678714
3.2320320222,0.7545494504
-4.842758176,-1.4298651222
-2.1477321933,-1.9120040357
3.0992975953,0.7136969486
-1.8192770171,-1.8789256951
2.5486151032,0.5589951307
2.9315391263,0.664221414
-2.6528338346,-1.7959473085
-0.8330461055,-1.1565067399
-4.7342444973,-1.367361071
-1.9987446814,-1.9091914478
-1.693902777,-1.8393833546
1.390231665,0.2854402999
1.1695052152,0.2382620556
1.9784522529,0.4177225273
-4.3793782158,-1.244626668
2.0485794174,0.4342934589
-4.3880083674,-1.2461558634
-3.5240508996,-1.3888232173
3.9740878531,1.0190185201
3.812861748,0.9553595734
0.5886489948,-1.6534923609
-4.6555475095,-1.3293887962
2.5875374915,0.5692569287
3.0404505389,0.6960797977
3.2438744118,0.7582730706
-4.599501997,-1.3061159704
-3.1152818822,-1.5839486769
4.9490292678,1.5230320567
-0.1113247403,-0.166757308
-0.1293188294,-0.1936181045
2.4910040709,0.5439686349
-1.5598192413,-1.779849373
-0.6863717617,-0.9769206152
0.3584580226,-1.8715078461
-3.1787307404,-1.5522358199
0.3642657132,-1.8673104902
-1.5100643816,-1.753188573
3.7518330723,0.9322814828
4.1679733818,1.1013565509
-1.6246032121,-1.8108543648
-2.901685994,-1.6884549573
0.4105449898,-1.8314528113
-0.397829045,-0.5863323667
3.0722181471,0.7055537995
-4.2799080934,-1.2320253026
-2.4259985726,-1.8690651738
2.6671321332,0.5905290043
-2.2477410542,-1.9033607478
2.0929577039,0.444884263
4.0920712624,1.0683124102
0.0907848174,-1.9917581169
4.2411426077,1.134273931
0.0056907357,-1.9999676155
-2.5564836334,-1.8305320872
4.3974588061,1.2084129522
1.2844693328,0.2626983304
-3.4554467171,-1.4189966428
-1.1530522629,-1.4905326291
-4.0623977127,-1.2351097732
-2.0079536797,-1.9099356415
-1.5245121247,-1.7611851399
2.8866918917,0.6513709506
3.114107271,0.7181770687
-0.4358276352,-0.6400746321
3.8829067149,0.982520024
-0.4936044361,-0.7206053545
4.4323072837,1.2257061563
-4.5394497067,-1.2846416163
0.519092258,-1.7305432277
1.4902519497,0.3072013683
4.401721751,1.2105127082
-2.2879693816,-1.8976514577
0.1578712453,-1.9750766699
3.4956983184,0.8408187434
1.6742399994,0.3479507031
3.0628015103,0.7027366802
-0.7388102911,-1.0428140176
-1.2613757988,-1.5831980823
-3.14171712,-1.5707340936
-2.7152328964,-1.7711756399
1.2748022189,0.260632528
-2.7547077149,-1.7546592842
-4.22351541,-1.2288952793
-4.7154169684,-1.3577130685
3.0438052412,0.6970762926
-0.9286618376,-1.2651501433
0.9760557326,-1.0473152068
-1.0467863432,-1.3892128982
2.1866938383,0.4675335349
-3.1530291159,-1.5650783449
-1.2611073276,-1.5829820611
-1.49313814,-1.7435551882
1.0759162139,0.218567202
1.1115130778,0.2260384307
-1.3742901996,-1.6678998197
4.8894325636,1.4841679753
2.0133680679,0.4259483257
1.4642211066,0.3015129259
3.0347442916,0.6943869261
-0.5374411639,-0.7806601568
-0.5669683538,-0.8205614038
-0.0415344773,-0.0622897751
-3.3210194308,-1.482044133
-2.0821999074,-1.9131584058
-1.9214663225,-1.8998759232
-2.4618198339,-1.8595262755
-2.6913611832,-1.7808545409
-4.2036078876,-1.2284650419
4.0827012582,1.0643076412
0.3287554207,-1.8919198733
2.7433333226,0.611272177
-2.4353990038,-1.866641967
4.7852409874,1.4194210579
-1.6770496646,-1.8328852552
0.835536938,-1.3018780252
0.1761853314,-1.968958729
4.807205965,1.4327480545
4.2163249022,1.1229878584
0.2831236126,-1.91984102
-2.0084397236,-1.9099727821
2.9832232392,0.6792222695
-3.0608840533,-1.6110630345
-3.0479751602,-1.6174683858
-4.7284989034,-1.3643792137
2.9590513249,0.6721806456
0.6641572928,-1.5588950905
4.734042801,1.3889922482
2.4956529474,0.5451741425
0.8736399126,-1.2367533032
0.9961883343,-1.0076088026
3.4865295626,0.8376933892
-2.7106360725,-1.7730581473
2.4185045663,0.5253239393
-4.1285560257,-1.2299220532
2.3963298705,0.5196782273
2.0174865258,0.4269218031
-0.2320162397,-0.3459483235
2.4596077101,0.5358589083
-4.0729996624,-1.2340395264
-1.0434754814,-1.3858961151
4.5742171625,1.2993081803
1.373800193,0.2818895687
4.2148618345,1.1223264467
2.322431818,0.5010488834
0.5789773462,-1.6647852326
-3.5289230908,-1.3867435849
-4.542531521,-1.2856568883
3.0585853584,0.7014777756
0.2306366944,-1.9468067152
-2.758702804,-1.75295402
3.4221805652,0.8160248733
0.4473784019,-1.7998525655
-2.0412187265,-1.9119862729
-4.6252659269,-1.3164257767
0.7069072212,-1.5002821807
0.9286649806,-1.1375813538
-1.8754400962,-1.8916739138
-0.5027661897,-0.733234356
-3.3236320979,-1.4807803548
2.2126886508,0.4738844204
1.3575079169,0.2783754064
3.201658639,0.7450595692
-0.316421232,-0.4693780761
-4.0928699406,-1.232277153
-3.4053132048,-1.4419823347
-3.2432253794,-1.5201548379
3.71635129,0.9191042934
-0.631286436,-0.9058269638
1.5559093797,0.3216311471
4.7129929306,1.3767315966
-4.8471858652,-1.4326642845
2.0168727125,0.426776673
2.810095834,0.6297659363
0.9269788946,-1.140710129
3.9032779217,0.9905595432
-1.888869534,-1.8942745273
-0.7166179607,-1.0151472496
-2.5112287986,-1.8450531231
-4.1796910291,-1.2284054869
1.1271405069,0.2293259414
4.3899833171,1.204741251
-1.7638644811,-1.8633524063
-3.2976915281,-1.4933800575
-3.2858817022,-1.4991519485
2.7490926044,0.6128555443
-1.6005361858,-1.7998258959
2.2274999431,0.4775170127
4.1639170907,1.0995628499
-4.5377584259,-1.2840884178
3.8439390603,0.9673191324
-1.2874456823,-1.6038469169
-2.0494606221,-1.912341243
-4.8851640271,-1.4574705299
-1.8184614983,-1.8787181752
0.6635822407,-1.5596586099
-4.4811094712,-1.2671808369
-4.3466981443,-1.2394721273
-1.2334384608,-1.5603517218
2.318572012,0.5000834945
4.3256590538,1.1736839699
-0.6346488162,-0.9102191578
3.7916133901,0.947263995
-1.0174013091,-1.3594457345
-3.7824892368,-1.2933302716
3.3511969286,0.7926438888
-1.3434321236,-1.6459799763
-1.1073833354,-1.4482237583
-1.0572233084,-1.3996063284
4.5100927146,1.2653955333
4.7707045266,1.4106922772
3.6458451232,0.8934221562
1.0765279967,0.2186954072
4.1215380688,1.0810119166
-1.430620345,-1.7055015963
3.3223104189,0.7832795768
3.3893808891,0.8051547323
4.9704246043,1.5373302332
-4.2907388734,-1.2329545876
3.4271637651,0.8176865244
0.0149912485,-1.9997752625
1.42822509,0.2936761183
0.620433289,-1.6150625339
1.82633151,0.3824272762
2.2215780432,0.4760633889
2.2405173277,0.4807181278
0.1450715572,-1.9789542433
-1.0678807627,-1.4101214194
2.7297651956,0.6075507594
-1.68515855,-1.83604704
-3.8841382699,-1.2659035525
-2.2426637529,-1.9039925309
-4.5075301165,-1.2746753528
0.8031804606,-1.3549011478
-0.4161813911,-0.6123614546
-1.7549786278,-1.8605756488
4.5476163772,1.2851045736
-2.9320881336,-1.6740193463
-0.9775165246,-1.3178697213
3.7056255334,0.9151548005
-0.70782689,-1.0040976744
2.2577321623,0.4849637734
-1.2552335315,-1.5782386308
-3.614978745,-1.3515867575
3.2531726971,0.761206129
4.6322038444,1.3309625639
3.3351349158,0.7874264512
-3.5675844225,-1.3705680925
-3.3408343143,-1.4724911064
0.2252877656,-1.9492454227
3.3957343863,0.8072513395
2.4142171205,0.5242303053
0.1903917484,-1.9637509821
4.6193777479,1.3238773327
2.9122378325,0.6586722482
-3.4403675023,-1.4258341977
-1.7005498802,-1.8418687516
0.4416333934,-1.8049599459
-0.7889899894,-1.1041370137
1.6461243535,0.3416590272
-4.3143401057,-1.2353510085
0.5286961451,-1.7204803862
4.2779046195,1.1512274595
4.8758888989,1.4755272848
3.2025775976,0.7453454254
-4.1720568693,-1.2284905508
-0.886828646,-1.2184860778
-1.9418615309,-1.9028723879
-3.0765722971,-1.6032607009
4.7127810924,1.3766089329
0.4128560749,-1.8295498614
4.6275678227,1.3283960195
-4.5099476,-1.2753951699
2.9632806773,0.673409402
-0.7995999681,-1.1168773126
-2.2496836877,-1.9031137009
0.362254493,-1.8687716823
-2.785639217,-1.7413038021
3.3033229134,0.7771703492
3.5287448397,0.8521638809
-0.7620495836,-1.0714304009
-2.7827337641,-1.7425729245
-0.2650111541,-0.3944256099
-2.0522915152,-1.9124492423
2.6385478692,0.5828444041
3.6159341819,0.8827220269
2.6491588245,0.5856910449
-0.8666636545,-1.1955051502
-0.0149600833,-0.0224395669
2.3399195896,0.5054321981
4.9607919963,1.530869727
3.7724595623,0.9400220923
-4.0278136073,-1.2392191764
3.8593171698,0.9732904171
-4.3357645481,-1.2379708645
-0.6569106862,-0.9391287394
0.7022040088,-1.5069095301
-1.7584738742,-1.8616771393
-1.9514430454,-1.9041460829
3.9441112973,1.0068717485
-1.2207421699,-1.5497252261
-4.3474497949,-1.2395794303
-4.8949918709,-1.4641215693
1.9980111324,0.4223244204
0.5071158611,-1.7428335035
-2.7732514811,-1.7466941054
-4.8558455547,-1.4381950368
1.322017914,0.2707423155
4.3538649458,1.1871856007
-1.8038924008,-1.8749020946
3.396366001,0.8074600027
2.9529088033,0.6703985408
-2.526418632,-1.8403099658
3.2802809844,0.7698048545
0.4796059244,-1.7699781573
0.5527701663,-1.6944451433
1.4060797222,0.2888712747
-3.068455201,-1.6072998674
0.4609196731,-1.787553055
4.8824755056,1.4797208064
-0.3736794012,-0.5518830835
-1.5150012693,-1.7559444942
0.3968523083,-1.8425082454
2.39128644,0.5183978007
-3.3843689604,-1.4517860411
-1.0081978324,-1.349970884
1.0642358852,0.2161207833
-1.0643179171,-1.4066172112
4.858079006,1.4642693567
-1.6236351712,-1.8104219386
-3.4572130095,-1.418200261
0.7637679884,-1.4166584599
3.9088870452,0.992784585
0.2942199338,-1.9134346306
-1.7053822688,-1.8436481088
4.0907736913,1.0677568686
2.9611514271,0.6727906148
-0.6837804465,-0.9736183191
-4.2738596799,-1.2315527265
-0.9132749369,-1.2481469493
4.6625854125,1.3479403464
-2.6389074797,-1.8012340091
-1.735245046,-1.8541312776
0.0543909909,-1.9970416201
-0.3594585386,-0.531496699
-4.5219603626,-1.2790569847
1.0177955012,0.2064180749
-0.8700173704,-1.199348823
-1.8040085683,-1.8749333382
-1.8128150046,-1.8772636533
0.7991247287,-1.361399668
2.8545276505,0.6422468527
-4.5574573979,-1.2907066082
-1.2014325547,-1.533273504
-4.9505969208,-1.5035360682
0.3751246492,-1.8592814975
1.6548687895,0.3436132333
-1.0553515734,-1.3977493664
-1.6214189385,-1.8094284185
-2.9428835715,-1.6688457658
2.6236729469,0.578865682
1.7566235626,0.3665304469
0.8895093088,-1.2087731896
2.1505449178,0.4587529365
3.1706387888,0.7354559579
-0.6219212715,-0.8935584044
4.6461464483,1.3387196514
2.5010151905,0.5465661532
4.4931251628,1.2566059562
1.9183043499,0.4036638469
1.883440241,0.3955774716
-3.8486427474,-1.2747275319
-1.9823208385,-1.907672492
0.7959418728,-1.3664765352
0.7160453503,-1.4872790563
2.6845456958,0.5952359235
-1.6613605263,-1.8265821282
-4.9730497763,-1.5203049988
-2.195012976,-1.9089276951
3.2259363926,0.7526379788
2.8626095453,0.6445323319
0.8193306143,-1.3286973445
-1.1321707651,-1.4714216185
0.0984458548,-1.9903084137
3.4188668351,0.8149214036
-1.7966772602,-1.8729358171
-0.7765893027,-1.0891452738
-3.3088693792,-1.4879369823
-0.3479070913,-0.5148845823
