inputX,inputY,inputZ,output
2.175702178,3.4978843946,2.8679357454,42.7201735336
3.727866762,4.6107086188,-3.4225095225,70.7890623513
-1.6914281809,-4.2087394179,2.475850641,39.3184982846
0.4793454968,3.6758416723,-2.3773138762,24.9995146063
2.0264537683,-0.8547617596,-4.7856914722,68.217804457
-3.1671669278,-0.8226972678,-3.4907083169,49.9335397455
0.5837987947,-4.7796641015,-4.1819232422,51.3009229327
-3.8194496568,-0.2562750524,4.7254929564,77.767960022
-3.2942570245,2.4734392713,1.5534051521,-0.7628296637
-0.2975551098,-4.5018374909,0.5470816154,8.8745394888
0.8429004267,2.4176065495,-2.1438009046,22.0203497133
-0.8824430962,0.9755978955,0.7106055863,5.6755047387
-2.0692284587,-1.6842422241,-2.8357669579,38.1641150601
0.557997777,-4.339746829,-0.99579524,2.5736885366
4.4987170938,2.2281464346,4.1271759253,71.6496271677
3.9986431397,1.2608830478,-0.2652827417,11.2961243578
-4.2539163336,-2.6035441709,-4.2889029747,86.5885006614
-1.3499130671,-0.795516455,-2.2801124085,24.0944069693
-3.9095016126,3.958895527,-0.9412475632,-19.3872743555
-4.6733888409,2.5925195481,-1.2816530645,-9.6304112773
-0.6039541534,1.8239258166,-2.3888436815,20.5205414129
4.6848333914,3.2782122595,0.6791843058,32.4147970875
4.4190781223,-0.221303583,-4.6888188889,64.5800739525
-1.8175833601,3.6987339737,-2.5049665728,12.1966413043
-1.8987759284,2.5025249561,-3.9664134868,44.5926154801
-3.5461685146,3.83895911,-3.5893837729,19.9700042736
2.1389714103,1.1926150842,2.628887327,28.6961134614
-3.6721625218,-4.0857540158,-0.0939157726,38.7057285791
-1.2998959549,0.5036448283,0.2468001836,5.1732551966
2.908276601,-2.2812835313,0.811329064,-9.2027190791
-2.2453435362,3.9443927007,3.2118935031,20.4810898522
-4.3847456685,2.9129100464,-1.3024249945,-11.0710611505
2.1447346782,-0.0526732103,-1.8530841385,12.9310876728
-3.127192871,0.8900321757,-2.6819208397,24.1386864922
-1.7500379572,-4.9454217194,1.8117384243,33.9065777578
4.8731888258,0.336963493,-1.3572537553,8.9373979008
2.6284775009,-4.7147090414,2.3097152475,-6.4091372039
3.4073417204,-3.9492234037,2.2800489815,-9.7241789792
-0.5832842461,3.5863966851,3.7405113635,43.3737826551
0.4151043337,0.1001362931,-0.178860117,4.7640025091
-4.2934066109,-3.4006046293,-4.3378680379,94.9450607471
-4.4898152358,-3.3498431869,-3.4566583141,75.4156292925
-2.4687692206,1.4750905958,2.8661657234,24.8301705622
2.1936282025,-0.066067927,3.6116264212,41.6480510816
3.1367547674,2.117399977,-4.7621608733,83.1813027264
2.0634170312,4.0213173415,-3.227725763,50.786533152
4.0116184789,0.8027542711,-4.9135590401,79.858256579
-0.2129151498,-2.3439862763,-2.2682839342,21.6463915466
1.3737912862,-3.9093428707,3.568716659,31.0921821484
-2.4571414541,-3.4002840968,-0.8256668553,26.2122767418
-3.2731105867,-3.0968995435,-2.1798216617,42.8009673805
-1.6067415004,-4.132444392,0.2888911826,20.1366556519
3.131079599,-4.408401548,1.449990895,-19.4297711149
-2.1909420449,4.9566278016,-1.4393172926,-8.3135236517
2.0187134756,-3.4505939122,4.5801357573,51.9826963311
-1.8459101354,4.0485343148,-1.7805375132,1.4103905928
-2.0942472816,-4.0124115442,-4.9525256879,97.4827432878
4.3450832932,-0.8998899269,-1.6501206625,1.0034179349
4.7372921133,1.5778060058,-1.29787972,20.2652390845
2.2985839922,-2.7308737593,0.9037937393,-7.4023400382
-4.8271215197,3.3315123061,4.1733990765,29.9156715817
-4.8442588767,0.9417029856,-1.5714054649,8.1284981874
0.6268941602,2.9895610278,-2.8096198677,31.8032739421
-1.6255649629,-2.4531863506,-0.140307336,14.6602509664
-0.1675301415,0.3644944025,-0.814914256,7.0376582775
2.8422850003,0.5310546472,-3.2122721257,36.1326089443
-3.1766104777,3.6163438259,-1.1798354297,-10.6227859751
0.2688867852,-4.7063602245,-4.7592033853,70.1502076596
-0.4358149945,-1.3842273929,0.4624566842,7.2839476562
1.7247464567,-4.3096768672,1.5514339036,-4.3701047974
4.7518666235,-3.5495601338,-4.456580047,26.0973778676
0.7429145134,1.7688365256,1.935164018,18.1198534698
-2.1125436235,0.1541966081,3.7207619093,47.9932570576
-0.2482293268,-1.3655795874,-0.3848465287,6.3705036821
-1.3138394103,-4.0484480894,-0.4371584747,17.5251833066
3.0663087486,2.5694652486,0.3776955483,18.119200575
-2.8141149912,0.7825757501,2.7342924556,25.8386643902
-2.7113451643,-4.2161414931,0.0016073715,30.5741826141
1.9260340359,3.7727489285,-1.0767477956,21.0850091001
2.4018441462,1.8884737603,-0.1411423841,11.7295586643
-0.1506121226,-0.8821941904,-2.244444506,20.528943823
3.3034277307,0.6636537413,-3.1288077919,35.4495512113
-0.8484261802,-2.7810310247,-1.8152203432,20.452499922
3.5636526304,0.9503234307,-3.0786319051,36.6435157777
1.6941356373,-3.2926499701,2.5297248017,11.3479957682
-3.2304819816,-0.3377104861,4.670602134,75.8559901442
0.7451852274,3.7660433036,3.1418942744,39.482113339
-1.841067871,-1.2183252738,-3.0440292314,39.1254487915
-4.8234864779,0.364244138,-4.7014144464,72.6195265207
2.7304189026,2.7773959667,-3.1620473588,47.4321204906
-0.7757237197,-3.6919827225,3.2280145036,42.763873768
1.1882588525,4.2111037572,-2.8707774826,38.5435938471
-1.7219636631,0.2971998932,-4.034039058,54.5188421942
1.1123014431,-0.2403971645,-0.5853909698,4.3809580935
2.3384193264,3.763676893,-4.330383643,76.5203577295
0.1458753076,1.5080636205,-3.7960999543,48.5252277714
-4.7522992264,3.0742411999,-0.3337751768,-19.1329113201
-1.0262151442,-0.2488867349,-0.4426789258,7.1249317114
1.208265042,3.8610014382,3.7274631713,54.8039061688
-1.2261653081,-4.2566971378,3.1877691523,47.1506105276
1.5760642279,3.9168159887,0.0218838622,15.7716796167
-0.6844166363,2.9026520217,-0.3354699264,2.0487901845
3.5560776248,1.9348756085,-1.9337214572,26.4228941135
2.7524207369,2.4958438354,-0.8793712873,18.3066855031
-3.7321123686,-2.8324496525,-1.7216667516,38.7665623415
-4.568030081,3.0457011395,-1.28875745,-13.2749914698
4.3844387119,-2.0646381926,-3.3153587601,15.485813178
-0.6363345858,3.4889048327,1.7066119647,9.9336861563
-3.709509598,0.2084397945,2.8675734146,31.8320226263
3.9713797593,-2.3580584744,-1.4234053179,-11.6226230546
4.0325100362,3.6300804709,2.432639725,47.9973699204
0.0072456788,4.2674296544,-3.3391842782,38.5050501012
0.1559336892,-2.4245470424,-1.8926134957,14.8338867131
-2.1260714623,2.000995188,-0.1306532089,-1.3312352852
0.4315977292,-1.0226732554,-2.3128091373,19.7328936775
-0.8871072551,-2.823535807,-0.0227627262,10.8982198789
-4.7792822297,-0.1740155554,-1.9909296315,23.3340235259
2.6834042895,-4.6496454618,-2.7787408679,0.5270409885
-1.5936675296,2.8617641602,4.9714827197,71.6191875885
-3.5023543868,-3.0836241455,-1.3534983493,35.5981168377
2.1081208285,-3.7139377843,0.7294661508,-11.1706174304
-3.93722395,3.6020412476,3.9465486405,27.2988763272
3.5065524276,-2.4226154636,0.8937923651,-13.1000143221
3.7438217029,4.389268923,2.6537456056,55.2485560231
-3.1252244232,-2.5244265235,3.2701087528,55.9848570402
-1.1812802216,-4.6754355594,3.9841105391,64.8466896923
-0.9615401538,4.8237660203,0.0368949975,-3.3108655655
1.44870411,-3.3867494713,-4.3673270925,50.9591379317
-4.449030574,4.4991992322,1.8656827899,-20.1428024937
3.9537179668,1.0917466377,-2.3142574234,25.7465608911
2.1182008038,4.048080041,-1.4582755305,26.410794558
4.4816060088,-0.2235995387,-4.9637766792,72.4314606805
0.3193402532,-4.203544937,-0.5746331,2.9865471371
-1.7732322504,-0.2448660452,0.9382147431,10.2823816995
0.5956725053,-2.9882377395,-0.2493198539,1.030786542
-4.4248221432,-2.909150619,2.6043647397,55.5179173895
1.5298250043,2.5583889652,3.2907909111,43.7858642761
3.9997921563,2.3185592328,-2.311472497,35.5764332226
-0.5558059606,4.3431225275,-0.1298368581,0.7785120131
-1.0491056965,4.5146061025,-2.4169618112,14.1016209273
4.2426079656,-3.5502434893,1.9984885258,-17.3853214179
-0.6103183665,-4.4838727948,-4.5204441512,72.3867441787
0.7002411095,-2.0747275351,1.8659282851,11.8392049636
-3.4322269549,4.5546832437,-4.9788348001,51.5332016549
4.6619162241,-0.6353181056,3.9267579073,40.6727671959
2.7009261742,0.2747193594,2.9960437834,30.7119022984
3.7715242788,3.5039121053,-4.8448685301,98.0769080939
-2.8816074065,3.5762660353,1.2126783245,-8.3174158273
2.2008028583,2.8252546471,-1.0358777717,18.4539824206
1.6492981339,-2.8234038544,-0.6331895898,-4.7597803811
-3.6987589498,3.3384507541,3.7309531588,25.7625441584
-3.9692282265,4.0157173404,2.9461225086,3.1295444986
-3.1937031305,-1.0645229066,-3.6030784103,53.9397655009
4.2941185332,-1.3343470008,-1.2349493499,-6.1785072149
-3.8652500144,2.926684171,2.2825209481,1.8702235815
3.7326532162,3.7316327104,-2.4350356229,46.913323915
4.3309379914,-3.3546766533,-1.6061128057,-20.6499360916
0.0554404763,4.2119576745,0.1819725489,5.5109274286
-2.6046421952,-2.935639924,-4.5067134621,83.828624115
0.6616943956,4.7831279376,-2.8734394949,35.4382070962
4.4488400372,1.4571284858,3.5047810175,50.3666929981
0.7600144791,-1.5553753909,0.4789426748,2.563928143
1.6645651145,-3.6233768829,1.1638442089,-4.6636585986
-0.1263012284,-0.6628371277,3.2555122639,37.0888158173
-2.5397285245,1.2993673483,-0.5262217002,1.7703757211
0.2552658676,-1.7877385415,4.3971057849,61.8356547248
-4.2154990326,-4.7072311933,3.9651902055,96.0703562139
3.1771467933,-3.1317248572,4.3269975068,38.0916763038
-2.5201835585,3.3125705115,0.4255626461,-8.6330772236
4.4768224311,-2.2042465881,-2.7494124158,3.4649423263
-4.4253661173,2.5390324266,-3.7662214535,29.5063420845
-1.2936938088,-2.3685607593,-2.2889359982,28.1397626006
-2.5839592276,-0.6541686244,-3.2889815099,43.4168474523
1.787056871,3.029772658,1.0654626897,17.4473274502
0.2264846645,-3.6783539931,-2.0670502892,15.9254244895
0.63123399,-2.5007896879,2.1669796678,15.2990017457
2.7487032144,0.402488875,-4.9925465085,79.2405036348
4.7966060029,4.8240402568,0.0408612011,46.4864438181
-4.3994092493,-1.5843681054,-3.7027312741,64.4706333087
3.8705293722,1.9140289988,4.5660815718,78.4933843053
2.2138133938,3.412143053,-0.4628326219,18.5365246987
-2.3052214576,4.2301039288,-0.5940563424,-11.1387224175
-0.5450569202,2.6301692349,-1.3317267875,7.9983617446
3.8643017942,-0.1601808474,4.4394491055,59.0238490147
1.1575669306,-0.8036961144,2.4115760327,19.4288658648
3.7876609452,-0.4863918824,-0.5179207757,-1.6675102295
2.3703815763,-2.5841835793,1.332754631,-4.2926791488
1.6207368565,0.5266545331,-2.6558150174,26.2464601884
-2.3716169447,1.5661351233,0.3034599924,0.2193356535
4.9640038135,1.6936349376,2.6365344279,37.7043581338
-2.9073174873,-3.7540775072,0.8384475386,31.8448906833
-1.3189197084,4.0670224046,-1.2079603965,-0.031727341
1.17650368,-1.2820372378,0.078075,0.8251403803
1.7061254791,-0.5241614392,0.4749005845,2.1818958432
-0.564825661,-1.0932006634,-1.2709070564,11.6453754741
-0.383303701,2.7765749562,-3.4367388144,38.6882818219
-1.0027564584,-3.1280010534,-3.112350564,41.3361810742
-3.9296875203,-0.499620914,0.3506821041,13.2253294761
-3.9329341998,-0.944559762,-2.2473250714,31.5141269126
2.6152338015,3.1939405301,3.4100676508,53.976252817
-0.6435820485,-0.6378825357,-1.8941902346,17.2285114806
0.218054714,2.3822592106,-3.8530248628,50.3582727669
1.3979336649,4.2362953148,-4.5839842576,78.484921026
-3.2553725667,3.5475537858,3.6536711348,25.2060923037
-2.7395197272,-1.2985491702,-3.0722602701,43.1706713668
-1.6384770848,-4.4967406257,-3.9713404904,68.6887258988
4.3078327759,1.4001958789,3.1205228045,41.9687743439
2.4274129941,3.0485379553,-0.7764415403,19.1812926935
1.3725141889,1.7378536832,2.1181773983,21.8579699597
-1.5322026665,-0.3039082554,1.3732998694,13.1213583391
-4.2857895126,-3.0278960538,-0.8163468253,37.238906235
-0.0561315973,-4.5677179111,0.0669758595,5.5823754996
2.0031988571,1.8134477449,-1.4303823449,16.4001750009
-0.1220274545,-1.8357674239,-4.8575805111,76.3583207699
1.2788718701,-3.505957522,-3.6947392807,35.7070822825
3.7851567727,4.3178093131,-0.9127780992,36.401505132
-3.3985584735,-3.3089462805,-2.7726258481,53.9522155939
-0.9291835566,3.7792944195,0.9132101903,1.4077256514
-0.2069468486,0.7653613045,0.6549251724,6.1769495728
2.3211217026,-4.1688590329,-0.2173782992,-16.5322200799
-2.9864304381,2.4338556584,-3.1051141118,22.3745501402
4.3869349539,3.5219085396,-1.7198846454,40.3878419805
3.8569235604,-0.1430751106,0.5854932426,1.0678239209
-0.5170405687,-2.9814526084,-0.6854666601,10.0096980997
2.4810972517,2.7523994897,-3.9517303715,63.0253631555
4.6308207446,-4.8053948449,2.0850836237,-31.093943858
2.5656532364,1.6448511763,-3.7985206123,54.1608587777
-2.9383399996,-2.2805173635,-1.1101034558,25.0371998252
2.3868932996,-1.679213956,2.6564896328,15.7677091274
-4.7680669574,-0.3787251746,-1.161496878,17.4268659318
-2.4058106492,1.6270308752,1.8515865929,9.8622729697
-0.0517623919,-4.7516993761,2.5586512123,25.1837691214
1.6000925662,-1.1082706223,2.9009877248,25.1004256042
1.0707750547,3.9382754898,4.2546398789,66.6691207477
-0.7935563772,-0.0965562646,2.6821892026,27.5292188126
-2.4884493231,4.3398577408,0.9184074967,-11.5801658021
1.5533581803,-3.3613876942,-0.8931722421,-4.6029663619
3.7084673194,2.7283904871,4.369398589,78.8027586801
-3.2088622339,4.6820579786,-3.1812647845,8.5220410732
3.6096500845,0.9829498004,-1.2527666168,13.194832164
4.6329021739,-2.9285133757,-2.0206457922,-14.51890589
0.248906891,-3.4945983925,0.1206642348,3.0551134392
-3.1912166872,3.260309554,4.6590424624,52.5025381777
1.6725727006,0.0134198576,2.0323792484,15.7640149026
-1.3489035224,-4.6114380083,-4.3841710262,76.4525402289
-4.0316934123,1.8522887185,-1.2120152855,-1.4970838792
-2.2474219218,-0.5543850003,1.0953327348,13.3385573272
-0.8529070311,1.0068004384,2.0854591142,17.182911836
3.185403628,2.4725212701,-1.7860822697,27.1368224427
1.6592000584,-1.0051891431,0.4234179661,0.5430284936
2.0870151809,3.8824717175,-1.8137382857,28.9874793537
-0.5967289073,-2.7421258176,1.8379889528,19.0039505653
-1.8692000618,-1.6229039664,3.8582946649,57.5955776136
2.1532451899,2.0239596518,2.2786743052,27.139987348
-1.3415858322,-4.65093745,-1.6104203608,26.6012106264
-0.4158581656,-0.5358386348,-4.4749414909,65.9368279489
-2.7138842716,-1.4317017363,-1.8717637311,25.9953283143
-4.5418943336,-3.717807107,0.3440553905,43.6687907342
-3.0792390248,-1.9628280797,-1.4746942077,26.6914416877
2.587643502,-0.7670254191,3.79674792,41.6886641196
0.3863909475,4.8887481325,-4.9725796665,82.5711907191
-0.2077385543,4.0841970287,-2.8747406119,28.3032489399
0.3110343518,-0.6991716457,-0.8894773279,6.6275425998
4.2539847538,2.920370868,3.3549827398,59.3601690945
-3.606493646,-4.1292360273,-1.8712877874,48.8957745867
0.2285584643,2.7430570874,-3.2673587989,38.0522399278
-1.6097102136,-4.6867920639,1.1093738184,25.3905951295
4.8735197239,1.1486297278,4.1729292751,63.5622357486
-2.138583325,3.8243924919,-4.6660215609,56.0962909217
-0.707745454,3.4728172281,0.315425458,1.0904839013
-4.8807062453,0.9720079901,-3.1853686411,30.832255449
0.0712444225,3.7798698777,1.5754988533,12.9139347802
-3.3786572981,-3.1593480636,-2.6548836003,50.8725868756
-2.063384952,3.236951751,0.6633128394,-4.9748183459
2.8179679041,1.4425568438,2.8423529781,34.5491012231
-2.5593604162,4.6438864556,0.6992999539,-14.7443366506
-4.0320526351,-0.3857751715,1.1852390581,16.3573591039
4.5285441259,-1.4433578265,-1.7388272153,-3.5306030863
-3.9191912097,2.9106611039,-3.2262102846,17.3296147855
3.8906673601,-4.9705839391,1.7129513699,-28.7658375593
-2.0696327097,-1.2216998449,4.0572941514,61.5114801242
-3.4433569571,2.7970385489,3.0727340137,17.50603562
-1.0472951145,-2.5797608665,1.2720637241,16.3052753737
-4.6128460189,1.1064402003,0.5275303009,0.2400341278
-2.8689348273,-1.6526370405,2.4397293086,35.2083880506
3.3061155973,-3.9467563905,-3.5513044596,13.4323087741
-1.1159272438,1.4975091433,-0.1298472845,2.824285694
-3.6230809823,2.6422090032,1.065763834,-7.1152357495
1.4370760473,0.2325527149,-4.3372296799,60.6659997127
0.6797012111,-1.8124662383,-2.672083235,23.2765142383
-0.5607457115,4.1050996544,-2.4544616338,19.0300573937
2.2527508382,4.8470851159,-0.3622726144,24.9795236182
-3.6841378121,-2.1928190845,-0.3065655053,25.1233804476
1.0151710533,-0.0082564984,-4.4436776728,63.2068792083
-2.3516524177,3.6746799172,-4.0513968636,39.3099622338
-0.6381419288,4.4883343326,-2.0899075936,13.0128945213
-1.593024743,1.1602467876,-3.7433905975,44.935340559
3.3277541998,-4.2565917044,-4.4388166754,32.4517443928
-3.2554987895,4.9250417502,3.8388350577,20.3985276766
-3.137208633,2.2135340351,1.84756914,4.4891076455
3.2891992745,1.3730459846,-2.3371856489,27.1305547104
-1.8002757631,-0.6120129586,1.8479695871,19.2488347404
0.3535126546,4.0621804787,-3.3550468168,41.287569183
3.140880004,4.0227242048,-4.0440661738,76.1923216837
-1.224318793,-2.5043015226,-2.6344128709,33.1768391509
4.762455981,0.4007410024,2.7257021925,26.3429241127
-0.1578761413,-1.3756624559,3.2475971412,37.2329062758
1.4449241936,2.1253042986,4.6083420891,73.4073334352
-2.0502434293,1.9031815938,-2.1583277615,13.2214084932
-3.7770485671,3.2577826687,3.1117573284,13.2165428568
-2.1502062642,3.6661476177,-4.9309668798,64.327562226
3.7539774861,-2.925454148,4.9378747133,52.4296645503
0.5084956865,-2.0749691759,4.5689965455,65.0084668603
-3.1588096687,4.5280647802,-2.5428770348,-1.0491091053
4.3263314216,-3.7350428088,2.3379592178,-15.2462376385
-3.8316672565,-1.7413263638,-1.3889295087,27.9634092187
-3.3646535502,-1.0472362342,-1.9847667985,27.2297255094
4.4157004401,-4.7072956456,3.6657314544,-0.6749540618
-1.6365594987,4.8595685427,4.1650019047,42.7723359807
4.8282182775,-2.758137803,-4.2079704026,26.6590437461
-1.6632129555,4.1458751017,-3.0966428059,21.6398565962
-2.9570531456,3.1039303744,-4.3895112779,47.4035067676
3.7535603714,-2.0634729904,4.3403787349,42.2723614281
2.7742474649,-4.3135357621,0.9516626261,-18.9908935087
-2.8784201168,-1.9092973439,-1.4962439601,25.5861778489
-2.924731503,1.1740693237,4.1097675463,51.7276242821
0.7915587645,0.1221868718,3.7349043102,46.2504080338
2.6810226356,-4.8112642111,-0.0143892827,-23.4786179926
-4.0440491167,4.9556917521,-1.0222662816,-27.9029875373
-3.0128329833,0.8093310846,4.3076757273,58.8042847267
-4.9231163199,1.8602744724,4.6976037191,57.8088631959
2.4775319688,-1.1619216318,-0.4818761893,-2.5383139596
-2.2091971655,4.1804431242,-2.3542933585,5.3664426184
-0.1064825332,-0.1670888217,4.2780019576,60.0459688626
-3.316353917,4.2212527842,1.535287281,-12.6106613886
-0.8298078337,2.8294821084,-4.5925132217,64.4074880714
1.0629042459,2.7051124104,4.3812911554,67.2747832528
2.2916116496,-1.6943204431,0.6039178732,-3.9629101879
-0.7984588348,-1.4069874996,-0.4035962327,8.5339717908
-2.6628908785,-3.7433527374,2.0955107418,40.7726664037
1.3299926436,-4.0446446385,-4.0213517322,41.4251213873
-0.9660925033,-1.8302709304,-2.1785868899,23.7412370631
2.908224747,-2.7702264587,-2.0404577327,-1.5307037547
3.1991623217,-2.6911625932,4.114534113,35.3700786394
-4.3645304153,-1.7797495801,-0.1138006565,24.9389245315
-3.374612768,4.4308473782,-3.652835461,18.4994452117
-2.7023888235,-0.9111707796,-0.5544394809,13.5492736997
4.6314859805,-3.6060968016,0.161983881,-32.9559432091
3.2409728672,-0.5313953007,-3.4504036222,34.0304070986
2.2669465971,4.603990429,-2.832768827,47.6807919568
0.4578356105,-4.4922336435,4.6183389413,64.4159190549
0.1149880529,0.0404542868,2.9234931882,30.5347527317
-2.16914251,-3.1731140814,2.4216310636,38.5279068206
-3.168561583,0.2955443147,-1.9394040164,17.5795246764
-1.2575605727,-0.2239510069,-3.8135389789,50.4500631166
1.117765065,3.874236224,2.9685339275,38.9797877812
-2.4824821669,-3.3167596837,-2.4215504578,41.5417955584
-4.2018657695,1.8002678562,1.8648114464,4.5054631993
1.7171883233,0.7512014174,4.4117169848,64.2524605436
2.8023376798,-3.8162994789,0.1395026262,-19.1330743863
4.6556577101,-0.6221336137,-4.0511720934,43.78744597
-4.4935882934,-4.1051821822,-0.7679329444,48.1567485078
1.9275362855,-3.1554438204,-4.2112613643,44.1121656288
-0.1672373567,-3.2956552552,0.3104554974,6.5586985512
3.8772455079,-1.1487115272,2.7261244889,14.5103454617
-4.7341530936,-3.7200761551,1.1489003339,48.9168891015
0.4590702279,0.0884937136,0.5868503566,5.6553594536
0.183853826,2.415633175,-0.1652399723,5.7863057224
2.046983316,-1.0600540403,2.6516615403,19.7071175887
4.2730614636,-0.2217331639,1.8075793434,8.6340089084
-4.6578633348,-2.3002198811,1.2401166678,35.6997510761
1.7790170524,-1.7715266789,-1.1228808013,0.7004144882
1.2120001049,2.6945447982,-0.0964551926,10.347487864
-4.0204766824,3.7627448113,2.3307731473,-4.9380684766
-4.4003127306,-1.9474373449,-2.7965012772,50.0002375929
3.6026378153,-2.6667376067,-0.2111381624,-17.6834793348
1.8299692407,-3.5241081308,2.1042289901,3.5553507277
0.3714972336,1.0152613866,-4.5303930958,66.9562211662
-3.7786556634,-0.0265138064,3.1150778969,38.0901596645
-3.1818141509,3.8727465346,-2.8875125813,8.5502814193
-1.8287816235,-3.1649259708,3.8734111793,63.4146410249
-4.7485247597,0.5651613076,3.2735805601,36.530148886
4.930747535,4.7941061455,-4.855010082,118.059675272
-2.3354137462,-0.9006670971,2.0992797116,24.7632003072
0.9542559814,4.6596800901,-2.3229236325,29.1267218206
2.1323087069,-0.3024772375,4.8140522728,71.1030394555
3.9277283046,4.8695239318,0.8324751187,41.4036501186
2.8994711562,-0.891009999,-3.6862829453,37.6996591191
-0.1050051092,-3.317233367,1.1963949224,10.095740444
-2.8056914726,2.7699769856,2.0575654048,4.9630160426
2.072242031,-4.3495972321,1.523839073,-8.1328218742
3.0047453791,-4.2732208701,-3.5526069627,14.1784219883
-3.414506997,-2.2666057931,-0.5530293694,24.8107141271
1.4513628807,2.4567892606,-3.0070113817,37.8063749456
-1.9543370149,-2.7928626262,3.8026076993,61.2502025751
-2.7720161521,2.2582140838,-4.5606763818,57.6517114995
-0.0359431975,-0.6581561352,4.2054762748,58.1413477623
1.3120164971,3.5212681866,3.375114656,47.1021042287
2.2234714212,1.3624548039,3.4336472008,44.205086516
2.0184401224,-3.9389678152,1.5906576998,-5.329005727
-4.9950127645,4.5279304504,-3.5899045145,3.4231152402
-1.1181060203,-1.5944415433,-2.3195387297,25.8243951536
3.598705412,1.5752620058,-3.5742926899,51.0658070976
-2.2022101806,4.3807543584,-0.8334118954,-10.0087473507
-0.0370183596,-1.5914446237,-4.548401736,67.2187187535
4.0046123799,-1.1824451442,-4.3922303728,49.3999816386
4.0223364848,-0.6870700623,4.9072748337,67.6944484364
-1.8684977385,1.6400544344,4.3752598335,58.1683175674
2.3327372602,-2.7440401582,-2.946179834,15.9049401415
2.2431310304,-0.3684527308,2.0555954602,13.7803115507
-4.8587223937,-4.3594554344,-3.5834199546,90.7441855946
0.4457993871,-3.5508811016,-0.3027115037,1.6631421389
2.7610454489,1.8660007256,-0.4114673055,13.0510962036
-3.3212905056,-4.3497246934,0.6503513959,38.4835599728
2.8669412811,-4.7780130047,-1.1498448392,-21.2970772684
-3.9960480159,-2.7959071355,1.212387784,35.750858755
-2.6991856336,-4.7654981591,-2.8051480857,57.0316813186
1.2454319237,-1.3159697294,-1.3040905072,5.5786228055
-1.0128227487,3.5689508973,0.7705778237,0.5647639801
-4.9901278918,-1.3335699654,3.9241602768,69.4965988863
3.8881578358,0.9279458428,-3.8458682,52.6999486
-4.5802810133,2.4530308492,0.7796082032,-11.0674933826
3.3106814995,4.3177540762,1.1113988668,33.9843579033
0.9322289559,-3.1572118895,2.834524633,22.2848720422
0.5185816412,-4.4509528242,2.5359903582,19.1587948081
4.643824218,2.0302850029,4.2299422453,72.8899833093
0.3459120629,4.4137175942,4.734300589,74.948410455
3.6502739294,4.1185258633,4.6285244186,95.6869361224
1.4367672487,-4.2199951096,-0.2452306433,-8.3826545694
3.5949576593,-1.1257798598,3.3164094383,26.3064951683
0.9695323697,-0.3151319261,0.0864548391,3.4418297418
-3.177999058,-1.7003871775,1.4015547822,24.8787241771
2.8461730319,-3.0746326825,4.655875416,49.6834813883
-2.9476839966,-4.2678946208,-4.6679874965,98.4788151442
-0.2998200425,-4.5931216215,3.961663352,55.1383694249
2.5135181452,-2.7199242762,3.8064192686,32.2798067557
-2.9264293545,-3.4170753445,-1.4270502678,34.0355059451
2.1940628651,-3.0090693117,3.6252223154,29.028473173
4.6765431998,-4.5079929978,-1.6128449749,-34.0363844581
-3.0036787738,0.2810412774,4.6080769791,70.0184836713
-2.0219984271,-2.3336141759,-4.7885406493,85.2494914637
-3.7315539289,1.2506768929,-1.402636213,5.2997824197
-0.7161174207,2.2185570205,-3.9581076873,49.538472152
-2.3599980596,-3.4634869143,-2.0593067864,36.4298761751
3.109489418,-4.5544876979,3.2304564118,4.8737938646
-3.2493331201,-1.7668733565,4.7930635638,88.6520283333
3.6500049905,2.1514398293,1.1888708212,21.2957687254
-0.1623548236,-4.9559787067,1.9986249332,18.7551137917
4.1591751963,-4.8361071018,0.8158962571,-37.390548499
-3.6499736465,-0.7212620858,1.3905671707,19.7161800257
2.0748176984,2.5169820404,-4.4073722369,71.6445301736
-2.0089436999,3.1835153507,-2.7500178905,16.9057326792
0.5985066706,0.0028842116,4.5781039629,67.2820534549
0.7936978334,-1.0967437029,-1.1733288203,6.5954375267
4.1611049381,1.9792820572,4.2673904499,71.9427595028
1.845161357,-3.9570674377,-2.3184050338,4.6769884989
4.9483522499,0.4922770857,-1.1370204796,8.8020153124
-2.7624222142,-1.5107006014,4.5934277901,79.4075446039
0.8524266394,2.3406343608,3.9227024206,54.3007943672
4.9726598964,-3.7950255812,2.5781054272,-17.775520141
-2.3776469643,2.2467235537,-2.8540705911,21.1309729071
-0.4087598798,-2.9697373384,0.2898672826,8.0886479593
3.1968043591,-2.7701965756,-4.9523325414,57.6684354672
-1.6123205803,-2.4159433417,-4.0905970968,64.6018247466
0.4623869992,-4.1522448839,-1.1202946656,4.4629053106
0.3147484021,0.4196558645,4.510361149,65.9794967059
-2.3466200432,-0.0803355435,-0.0810141997,7.7433439381
3.7304153058,-1.1443846647,-4.643754002,57.4248782496
-0.0256101218,-1.7058935617,-1.0645708266,8.5129195399
-4.2326453197,-4.1320677746,-3.7303819474,85.9590483939
2.4510394126,-3.5246100023,1.3107047942,-9.5751142994
1.0471091787,-1.5103167172,4.0926922396,51.04034713
-4.2687201816,3.9927329222,3.3527881231,8.9045655684
-2.4960828029,-0.2083065965,-4.6894220514,74.5080213577
-0.4977127089,-4.4549955997,2.9199355283,35.5103990337
-2.6259383652,0.5377395492,-2.6097347991,25.2339437049
-1.1934691818,-1.8830087553,0.0079587117,10.688285042
2.2047445855,-3.7268586582,0.9929042367,-10.680711011
2.6811106851,1.3342246743,-4.4858969362,69.8431113419
1.8842707099,2.0969534652,4.675212471,76.591020227
0.6118921766,3.6814921841,3.4520982461,44.6444072581
4.4481930902,-1.8322287588,-2.3643021943,1.0213668986
1.9643335948,-1.6508799762,3.6819150153,37.2194029492
4.90288321,-3.3399368849,-2.9489846779,-6.56399227
-4.035515132,2.4824765424,4.4485858106,48.3691189721
-1.7431649617,4.050310232,-2.3976642518,9.8688287945
-2.9330035124,2.1609840608,-0.6598920133,-3.4369717612
0.8056142942,-3.3811161423,-3.8695290167,43.6663991492
3.6700456463,2.5298163826,0.7457458575,21.5674482071
-1.1130716923,-1.6536643221,-1.3645357216,15.3802387899
0.5526291113,3.7612843631,-0.3934287924,9.0689200023
0.8772663422,-2.0786677544,2.4846163706,18.9955986691
-2.3290186972,-4.4627466689,-2.797276149,51.5909211248
-0.2760226471,3.4496551875,-4.0206564539,51.8686916955
4.3661021824,-3.2391128124,3.8018368386,15.7111928203
4.1969465183,2.3796222598,-2.5081576995,39.649913334
-1.9490372176,-1.7252687639,0.3745718382,14.0951754659
0.8729554308,1.3680250514,4.6028772528,70.0749313773
3.3959760014,-3.7282525848,3.3219949265,9.3888622635
1.0964041355,1.0750522834,3.9121583925,52.1759292666
-0.9972021455,-2.8974427517,0.8554855038,13.9714407438
-4.9980693201,0.1457860677,3.3367144668,41.9417618747
2.6705921936,-1.0670192178,-1.1391208745,0.5230505198
-3.6794467123,3.7965902829,-0.1438908151,-19.1971428567
1.9570329864,-1.355282481,-0.0035630863,-2.2616599419
-0.6301419702,2.3171363215,0.8677863803,4.9690518819
-4.5992083803,4.802863004,-0.5214169619,-33.7639002302
-3.9862445867,-0.84776348,-4.9017239888,87.8257239394
-2.7490051889,0.2536382325,0.3412726733,6.7039006671
-0.5260649757,3.4631582034,-0.4908937794,2.6053026115
0.0804326899,-4.5581703087,-0.9494439474,6.8906469398
-0.5672235211,-1.7003425936,-1.0379392938,10.7281260801
3.8778449539,-1.5015926665,-4.3154531994,45.3456769062
-3.0000550523,-4.3478112923,-3.4400849922,69.5899557809
-3.489955118,-1.6329009314,-0.1324395529,19.940077749
-0.3703337158,-0.3552823108,4.4982005852,66.3349052677
-3.8746925718,3.027027148,-3.9986714721,33.3852139881
4.3045714625,-2.7744860893,2.8370608778,0.9562245238
-3.0875819111,0.0860221816,-3.0415314127,35.3091208504
-1.5893795099,1.2512030567,-4.9051416714,74.7933509572
-4.6947904055,3.912714906,-4.0697261943,22.6440514956
-1.2169643147,4.3558130382,-2.5659942546,15.3682058005
4.2707325554,-0.7923816001,-4.2072979272,47.0652351983
2.7019604868,2.7648644984,-4.9904796869,91.9538112806
-3.1843298391,-4.0579058233,-0.6575954319,35.3250462893
-0.1936459022,-1.4874729264,-2.5974610026,26.0101429551
2.6461733841,4.7253161534,0.9360577912,29.9904508546
1.0640313702,3.5523074496,0.8059624177,13.4442280118
0.5466833967,4.5431798802,1.8352338175,19.5249281152
-2.3625013588,2.3296285837,2.3131884462,12.407522333
-3.1751358361,2.7633347347,4.3954793045,48.5879244989
-3.7287403424,3.3261508475,0.7629361969,-14.3297504359
-3.4231479945,-3.3611863978,3.3797992733,65.7039543323
-4.1151599363,0.0600624081,4.6772878361,74.2518916106
1.0661531898,3.529907479,4.6141167019,75.3309098642
2.4893139198,4.3503558455,-2.9625777808,50.5000901263
-0.0163755985,-0.9669394258,1.1964571678,9.342573285
-3.0873798394,4.4182294406,4.5649541832,43.3222949232
0.8294296748,3.6070298496,0.6143950899,11.2865694951
1.9764585512,2.73308119,2.2165199688,28.5660671429
-2.0898966136,4.0725454264,-1.9972108037,2.0340518059
-2.9603194429,4.5221030884,1.1045016554,-15.1536482274
4.8786817318,1.5141359365,-1.6847697056,23.4106398159
3.2370513289,2.0466097666,4.489544683,75.4809447838
4.9627286878,-4.2119598861,-2.4855986288,-23.2337553755
2.518528412,-2.507287107,1.1526461147,-6.1620968464
0.3836015903,-1.9427330413,4.8922009189,74.9268169347
-4.787475954,4.0046741449,-0.2945222858,-28.2968562603
-2.9649125395,0.5052040216,1.0380043026,8.2014998593
0.2679282467,2.9117637787,2.8357037184,30.416006017
-1.6557769558,-2.5277272131,-2.9690701977,41.4726154118
-1.7526546003,2.2966665873,3.2701471915,30.7837160425
-2.4708506355,4.4750071252,3.3579740657,19.1846717139
-0.4530845412,4.2950413134,3.3150173415,34.5290708194
-3.2074757657,-0.2011589507,-2.1194274254,22.9738185197
1.5420664915,-4.3856515595,-0.4857268956,-9.3602072671
-2.9113142593,0.7065150757,4.2947567544,59.1323461703
0.4718112331,-1.9163405944,1.1307130514,6.555422743
1.1971045986,-3.7281364924,2.2568857128,10.1575560839
-4.8429999572,0.7327227299,3.2526698342,34.485430809
0.0791572638,2.3598865981,4.5326503464,66.9292045552
2.9843901805,3.1629795659,-0.7439773976,22.555247239
2.3183801498,1.4519626351,4.0133995249,57.736149792
3.9142892215,-2.2636286529,4.2313717033,37.0782357767
4.6274083496,-0.813220019,-3.78094505,35.7330258523
2.5130338028,2.2023182981,-1.4161102656,19.572071705
-1.3887763771,0.4495958187,-3.2352998952,36.5414965082
3.530818434,-4.6652804445,1.51714251,-24.570170633
-4.5717057282,2.2575739487,-3.4446752149,24.5271402313
0.8834299578,4.6980040261,0.1221429677,12.4620417529
0.018812382,-1.6479385632,2.2968556996,20.7458226331
1.4037977879,3.0716030292,-4.1769940732,64.5618597493
4.0243641573,-4.0296029693,2.8015925915,-7.9107805266
-1.6961935896,0.1366804422,3.1661516672,36.3060697491
0.4809724375,-4.8924084447,3.2676741731,31.8458838385
0.0931017638,-4.9908733958,-1.5718241365,11.3894733529
2.8447782388,-0.9465241326,-1.7013065043,5.4532507163
-4.9881868221,-1.5357492207,-3.9585456143,72.3196450147
-2.8888053383,-4.0360409033,0.6278557058,32.3900867146
3.6002130531,2.8828873646,0.7949421303,24.0536033597
2.8526713429,-0.2313066827,3.7348136232,42.6741431664
2.1945529803,0.5750101592,-4.9566404171,79.03408021
-2.9581891515,0.8542404594,-3.0207992015,30.2798628797
-4.2510897833,-4.5540463125,-4.6403295311,112.5683837581
0.2122739692,-0.833062677,3.9916136925,52.2329905992
1.7305122263,-2.8747013126,-2.8304793198,17.3549157773
0.4825872545,-3.7121447348,-1.0641069884,4.3315163224
-1.7279473534,-2.9019388089,-0.1915194519,16.8667814239
-2.4606112056,4.5260183436,-2.9560399127,11.4015841965
-1.2938981034,-1.4506670306,-3.9835496556,57.6539323184
-3.4055074825,-3.3508945015,2.5781901694,51.1696937262
4.7023667518,-2.3213610921,-1.1742817677,-17.3973361792
-1.6221793429,2.482902425,0.9370630669,1.201014868
-1.8836911215,-1.594600887,3.1612383026,42.8714450047
-3.8574535862,-3.0659171283,-1.6829811466,41.0079962484
-4.7135675424,-2.5028833137,3.4899892224,69.8486609587
-0.1118975279,2.9347041281,0.9239212651,7.0160167662
3.5174643032,3.1199566181,3.1330638859,52.8794756985
4.2521884679,-1.729286192,1.8731906996,-3.4321598832
-2.8212914411,4.9292608297,1.2871853458,-15.021932995
-2.5146994361,-2.1049055191,1.2054011247,22.4600844936
-2.3482079446,-3.8439151882,2.8430928233,49.6503627173
-3.2264326886,-1.087519471,-2.2622615933,30.5975319796
-1.3019540492,-0.6188407833,-2.1942751506,22.3578888859
4.064610579,-4.2291514224,-4.0564202543,15.9193180355
4.5013194861,0.3264919023,-2.87689175,28.2674876611
-3.0211623566,-4.1494061562,-3.9933685493,80.9341988297
1.5585535712,1.9899513401,-4.6199523424,73.6762169011
1.6117480342,-2.919932931,4.9909617035,68.7049558199
0.8460176625,-0.5191703622,2.5777029645,23.2091854646
-3.754298709,3.0113451774,-3.0851433139,14.6976478866
2.2287030957,-3.9791207393,-4.2594152732,39.4625948941
2.9608435247,-3.0762354315,3.9990673312,31.8002715175
0.699259694,1.2987368297,2.8847723374,31.0827832574
-0.6786142261,2.7387207553,-0.2281355883,2.1176820345
2.2645721491,-3.3630497088,3.0176822517,14.8229089545
-1.1319316196,-3.3818616697,4.6750669229,79.356756134
-4.0772358752,0.4536075742,-2.1661066244,19.4543594505
-0.432507226,-1.1611906945,-4.1815836701,58.8938799281
3.9282351687,3.5263292472,-0.562525377,29.7255703607
3.6492272638,1.1597871154,2.4210062574,27.3992401549
-1.6390137513,-3.5813808842,-2.1392231899,32.1077063562
0.1934926173,-3.5695688582,-4.6139086939,67.2895972483
-3.1214804755,1.5111663929,3.4954017422,35.3408277131
1.6064848295,-2.8146250555,1.1984827483,-1.3407070407
0.9227732996,-3.1665018774,-1.3594916074,3.7779522211
2.0897183704,-3.6281743558,0.1429105213,-12.1921733241
3.3569958904,2.0955570371,-2.4491460768,33.7075063494
3.5192728543,1.2066932077,1.2717323399,14.826001877
1.8082730591,3.7030888385,-0.2684364114,16.8002928258
-4.6139853211,-1.1033048514,-3.2704723579,51.8832184314
4.9184355857,-4.8595093749,0.2865137205,-47.4745329264
4.2924353557,3.0309947685,-3.5851522316,65.2882124287
-2.0651248334,4.3080488687,-3.0326053111,16.8618923476
1.5454593463,-0.6850238712,0.2751974862,1.5643885347
-3.8369575368,0.3863086903,-2.2171217587,20.6193441342
-0.7906701256,-0.9877848501,1.0412013536,10.6049948447
2.0091117368,2.8897297796,4.8511559699,85.2036110285
-1.7731367668,0.3428270063,0.5114847434,6.3422283559
4.1839188015,-0.2389444613,4.6471071855,63.6034483302
-1.9345909578,3.7789846243,0.2007885774,-7.5660398513
1.3422209211,-1.6585074105,-1.4880750949,5.8487148551
4.3891178806,3.4243863224,-4.0779307325,80.5595097715
-2.9357155379,-0.1035434925,-4.4070246976,66.8092640742
2.2989334525,-4.3024308033,4.5999418173,46.397456513
-1.5340271622,0.2308649695,-4.5763144282,68.6536821315
-2.7681669854,3.2024676344,2.0604979248,2.7751917257
3.322861974,2.3917832245,-0.6316190792,18.7690970631
2.3125669193,-0.7251999504,1.9891835695,11.2038400698
4.4595968597,0.9004739885,0.2635490398,8.7802793718
1.8927531755,1.3778871214,-0.0938177476,8.3496525826
1.1903170794,4.5137526466,4.4836159339,74.8637121843
-2.992872386,-4.9225087173,-0.0962844798,37.4855653084
0.8772736761,2.9038717012,0.5905518836,10.2639613102
-0.8224483487,-4.8508819478,1.1178517173,17.5504254302
-3.8522519622,-3.1044259234,2.6967558439,54.5877899163
-1.0202259303,-0.2205645906,-1.3789165814,12.174510175
1.3225548571,-3.553246796,2.6947679916,16.0640411106
1.5457342194,-0.2702151651,-0.0401673902,2.6237443836
-0.6015647679,4.2299300287,-1.7429606522,9.6261465215
1.8577573112,-4.451436806,4.9436512139,59.9219261195
0.6541015113,-3.469179297,1.6088364681,7.5725719894
4.5565715687,3.0039660914,-1.9751122881,39.5222070532
-0.12566102,-1.7325492803,-3.0128757853,32.7933503316
-0.6125867944,2.3864640452,1.6440875015,10.7978252131
0.6987902687,-4.4146805489,4.4001817133,56.2161354482
3.3932970685,1.4625953147,3.3555721835,45.3123377543
-2.1120815797,0.6341476595,2.4316662573,22.1723407599
-4.4697535561,-1.7080872548,0.0251601988,24.7411108257
1.2535498572,1.5241711631,-3.9179780932,53.6193562475
3.0238912323,3.9217056347,-2.8918089642,50.7814085927
4.4513836191,-2.9192828682,3.5901001931,13.2253786914
-3.4268625475,-4.8940771738,-3.2218810474,73.1110745413
-1.8438561148,-2.9370903183,4.9592806887,91.4583948498
2.8084869355,3.0883650828,2.4167560607,37.0609086095
3.3931235225,-3.217635755,2.3585955254,-3.5398760996
-1.3434819756,-0.8924843425,-2.851415398,33.1332645465
-0.6548126953,1.3287875842,3.0997785965,32.7404807785
-4.8498503465,-2.8153355071,-3.1293365536,66.5360039133
0.8756318121,2.967576149,-3.7229856131,50.9032419749
0.0160739314,1.4889607977,0.3375124837,5.3735370061
4.9046014668,2.3070807616,3.6104049469,61.8310935508
1.8811687921,-0.3827097354,0.4101648488,2.1836535961
-1.6181995228,-2.2030996722,-4.1341133042,65.0209876346
4.2981572811,1.9271593084,-0.7274232005,18.855743883
-0.8029689652,2.7480641383,-0.8441344389,3.5274373835
3.8257601141,-1.4082124945,4.9901083316,65.1028169819
2.7888805704,1.8869502943,1.627561774,20.6829494399
-1.6748268345,2.1406758212,2.5034023843,18.3053747094
3.2747578869,-4.4438403032,0.7820312395,-25.5450414704
-1.8185183082,1.9706681189,1.49733259,6.3771408566
2.6332273353,4.0487397116,4.5222992152,85.0428474029
3.872494838,-2.3244513828,-4.1415272542,34.581397192
1.8278636847,3.8080064642,3.6351619642,56.7363772877
1.2469783995,-2.73452074,-1.3159925167,2.1287539214
2.0579217643,4.3833007571,-0.7175152651,22.5275427571
-3.3847819759,3.1516451404,4.3281418589,43.2479544957
-2.7476225839,1.0239209806,-0.9204843278,4.6627999564
-2.5703657995,-1.7860190181,-4.1657509072,68.8122520637
-3.9421847262,-2.0338270273,4.7804476352,93.5356671892
-3.1483228654,-4.7303575557,3.6615299289,78.1541128342
3.1846241178,1.4123189154,-3.4499465111,46.5171784307
3.6805067612,1.5084368285,-0.4382977303,12.9994318318
-1.681163756,3.4540296262,-2.38252586,12.0968733372
-4.4757816056,-0.427264706,-2.7535829927,36.0471265223
-1.9491760053,2.5995233389,-1.7938701222,6.4692290164
0.4549743078,-2.2869213526,-4.8263012085,72.3435948385
2.2519459653,-2.0237800139,-2.1703469177,7.7643847904
-4.2893473387,-3.0616873933,0.5957649531,36.6194363208
-0.4027815878,-1.3754631924,3.8898695034,51.9040583446
1.2264305093,2.5958078662,-3.7498361771,52.3245394825
-4.3197831863,3.9858384982,-0.8012414834,-23.1901693255
3.9926575728,-0.6237690705,3.5472332798,33.7749416447
2.9793682376,2.4945208037,2.1860964846,31.2218773834
4.4009852231,-1.2368991114,-4.1049714127,40.2642362513
4.3408116339,-2.1621410928,-0.3068311732,-17.8292699471
-2.8233915901,1.6108495436,0.9240584715,1.2889256577
4.0207654315,2.2256875039,1.0855141462,22.4121922074
-4.3862856755,-3.9112259276,-1.2561366512,48.4314320548
1.8902397938,-4.684997822,-4.5057995765,46.3049110428
4.3366613246,-2.1298520909,1.3860435469,-12.0462055628
-3.606092716,4.6330021519,-2.9663674695,1.5900299829
-3.4685959975,-4.8580881165,-4.7890878523,110.9761733623
-1.4684257858,1.2870303282,2.0217670185,14.9512343754
1.3502292409,-2.4593746696,3.5205339625,34.1908097157
-0.6021514217,-3.3295824203,0.7533450441,11.314563264
0.5460291192,3.4306492473,-3.2283654682,39.4674704429
4.3975315302,1.033627385,0.2751568633,9.9204204002
-2.9879976575,4.3528237556,-1.7670353732,-8.6572146833
0.0480443989,-1.0662476084,-2.5371639585,24.1611040074
-2.3471738122,3.0907306274,0.253850798,-6.9684694833
4.0540436895,1.3634775502,4.2441057253,66.0384516489
0.107671936,-3.8557990831,1.4949808722,10.7669087844
1.6239060489,0.5318662896,3.881823627,50.3091597353
-1.297534666,-2.1300662295,1.512558263,18.6887017099
-1.1740960398,3.170365129,2.3112530574,14.7551418411
3.9669772145,-0.2757576205,2.7675450358,21.8230909672
3.0853036008,4.7452934416,4.3673660094,88.4176958636
-4.7087675294,0.7621426285,2.6439051285,23.5019655904
2.759766862,0.7205340224,-1.5305972646,13.2454289326
-3.6969220429,3.8629691387,3.6706399035,20.5555224271
-4.6649114881,2.0498005347,1.8937437378,1.2994313958
-4.792174246,-1.5226094444,-2.4641475467,42.6014631745
-3.5935465484,-1.5951781396,3.2399862858,51.5507737403
1.3130249736,4.3247878498,2.221284648,29.8464003935
-0.6059803196,4.0033712324,-4.5489421448,62.8326758718
-3.1403530792,-4.8162472175,-2.6515798029,59.482412992
3.0738037907,0.5367024015,-4.0174786511,53.6460360978
-1.9393482835,-1.877997095,-4.1709397617,66.4137446554
0.9864045188,0.1674542521,2.7825219534,27.5712360058
-2.0656037995,-1.3443866629,-3.5993147915,51.4847451031
1.170221448,2.6907598262,-0.0335779861,10.1307307154
2.4679176658,3.6176744717,-1.7425807618,29.4980909448
1.9335672403,1.9825413856,4.7560268811,78.5925619934
0.9644863646,1.5108500822,-2.1901310799,21.3399246831
-2.7050402167,-1.5206158652,-4.9870378461,90.5433337921
-1.3120527047,1.1737591781,-3.7408065506,45.2128858438
2.8327600295,-0.7800511815,-2.4155215325,15.2520771769
-2.3717785055,0.9242994639,-1.0994628069,6.6137666947
2.1553397513,0.6750237473,-1.3022221179,10.8418186129
1.8301489215,4.7759047355,1.0565915233,24.0002418213
0.0447242804,-3.352069444,-1.8243557746,14.6402599096
-2.0110526147,-0.3556691587,-3.8473425596,52.8477257102
1.0283052046,-3.2813391984,4.2766394821,52.0921942241
-1.2500311119,1.9444419502,-1.2278319912,5.9115194417
4.0194902601,3.7146803496,4.7967705817,99.8697767499
1.3781309109,-1.3819971867,3.6120502709,38.9534444836
2.9322766885,1.9543676589,-4.6918773481,79.5703559146
-0.5657937669,3.2424096667,-0.1561434417,1.9698657317
-3.1387895724,1.3726782322,4.9111188516,71.8789584528
-1.4447142875,2.6227875234,4.4578392355,58.4833490206
-0.8781426055,-2.2795330363,3.0919648741,38.5623931128
4.1263626282,0.2339088963,2.1265936572,16.371224976
0.6726145365,-0.6924756867,0.0203119709,3.3970847658
-1.1864870293,-1.0541462434,-3.6122387143,47.8327543058
3.1055852899,-3.0405968739,-3.6250624348,22.4319818318
3.6201970898,3.7629442358,-3.4148718676,63.6090520697
-0.4101765272,-0.3460755045,-4.2652962869,60.27233787
-2.6993933912,2.5728327727,-2.3220209912,9.9845622753
0.8485581514,-1.7217620524,3.5872921353,39.8354059921
-4.7003034065,0.9173985667,-1.5389117776,8.1809485677
-4.2758972023,4.0218579447,-0.5775265206,-24.1175944192
2.2182161089,-0.5785647444,-4.312261911,56.001828987
2.6129757235,3.5253749069,4.0632351178,70.3401012398
-4.0245729422,-0.4510011845,1.9910299604,24.5473481794
0.2271188545,0.6284957787,-4.6649403714,70.3433736355
-3.8366938831,3.4795426387,2.6224445118,2.7684596193
-0.923169353,0.9942215918,2.0848158235,17.126870599
-3.5024586783,-0.5334808448,1.8100806802,22.0686241141
-2.2785239239,1.4782737002,-0.0229718972,0.5435430641
0.7357995305,-4.1807133341,-2.9540946974,24.2918930952
3.7634185353,-1.8284611757,-2.2578037776,2.7670858001
3.6492670775,3.5752412279,2.8633835885,52.0416498616
-0.1167720254,4.7000661264,-2.1649226204,18.0797694005
-3.7879312144,3.6101074778,-4.5661622734,43.9877673294
-3.81606197,4.3687560633,4.2990357661,30.918299786
-3.9590493644,-2.9814671653,2.7252106758,54.8469204188
-0.4020119964,2.1555550937,0.5659043326,4.6296371244
4.3411385395,4.2467576672,4.4581162476,97.1547896461
4.7563360601,-1.8472812582,-0.2762861657,-17.0999148469
-4.0073285591,-3.3282850667,0.8376067299,37.7871472617
-3.3493763289,1.3547530391,4.9636587964,73.1879467503
-3.6649394972,-3.0990469973,4.8303416264,101.3771796683
4.6877503417,-1.6684248327,0.1297460103,-15.2795664189
-3.2509673642,-3.3855317982,0.9428567166,32.9304105006
-4.0919080111,-2.9656536715,4.1358072073,84.6769758108
-4.9634978793,-3.3059199524,3.1775787881,73.0723720892
-0.7214696705,3.6020780895,2.1873894856,14.8779077709
0.4999608055,-3.3021747633,-4.5723105551,63.9161947232
2.8099621838,-4.6465521428,-2.1289503608,-10.3259448807
-0.2224972412,-3.7835557816,-3.3868735709,41.3188964428
4.742706743,-0.5194073596,1.3806591171,1.0491584771
-0.2792486583,1.7057947494,-3.6870040286,45.1085629893
0.4859375232,2.6272962466,-2.9283300105,32.7928160892
4.8563086577,3.394441687,2.2383075198,48.1426661073
-3.2388309529,-4.7507511612,2.8555385882,63.4748926588
-3.9052781935,-0.7210948572,0.7436265232,16.1963714538
-2.0429918533,-0.2420132501,4.2976470215,63.4411638153
2.946588682,-4.5300803248,3.7867709145,18.3757463675
0.5405401877,-4.1076362635,3.2315892519,31.3482821384
1.0607538618,-0.9260158489,-0.8868241972,4.3340678324
2.3081855699,-3.5895988012,4.2639379865,40.6643955802
1.5074583264,2.7662678121,0.9493577968,14.5364492455
-4.7217038308,-0.5960864328,4.6574846001,80.4272794176
0.2160667748,0.265743337,-0.1169655905,4.9398126848
-0.9692552097,1.0309746164,-3.6881351329,44.7777224503
1.9382154757,0.4153229031,-0.431091365,5.2292743759
2.6813462422,2.5022890641,-4.3705009239,73.0414954938
-0.3953786169,0.5292056913,4.012291776,53.2723612751
2.8106690371,3.8865796733,3.7902865507,67.1359256687
0.1056452384,2.3071865682,-4.6950194645,71.5114646271
0.7076912165,-2.8635575619,-3.0757433318,28.6198708441
3.4597094773,-3.347658165,0.8298992802,-19.5573603919
-4.3347747528,-4.8287613917,-1.5970198765,58.8493781466
1.6185666583,3.052756766,-0.2249072449,13.415363783
-2.8631354926,0.5873316983,4.8582452274,75.307555097
3.2074118199,-4.5664461157,-0.2816256695,-27.2624192594
2.8821041648,3.9354629813,4.4611369845,84.5079539172
1.3994969267,2.419473735,1.8557473706,20.7039900963
4.9589918442,-4.1891160744,1.2473698316,-36.8387822479
-3.690294053,2.9831256599,3.6655895477,26.9827124855
-3.9986149051,1.5799589441,4.662463245,61.5790106698
0.7809407466,-3.5105625173,1.6731867495,7.1346383231
-1.5160173622,-4.590231913,-0.2422317748,20.6097886138
3.7681173079,-3.266026688,-3.2129641955,7.5877560756
4.6066516385,3.1784810148,-2.7337233942,52.0973886993
-1.6140556125,-4.1369135794,-3.7057572572,61.1663833232
-2.5681144123,-1.9062497305,2.6849106418,38.9852846882
-3.8101739481,-3.6538563619,-2.9179156077,62.196525069
-3.0723571952,1.0232485045,2.523334793,20.8864428167
4.4336544711,3.5913150976,-1.3045600741,37.5172769689
2.4279168675,-3.3814162831,-1.4123169163,-7.8635949113
-3.998260145,1.0167585107,4.2975755447,56.2751967715
3.9602906319,-0.899340193,-2.5706553246,13.7412186791
1.8273833134,-2.3754703787,4.6658563419,59.8014730327
-3.5471099926,1.4046202115,3.6428160437,38.3927514011
1.658637334,4.9372413759,-0.2084036428,19.8498446476
-4.2486906066,4.8549583836,-1.7766316444,-22.5364815532
3.3110323167,-0.6845162776,-2.0314970539,9.5369974907
1.0227099347,-3.6954714003,-4.333086134,52.7454057712
-0.4753132331,1.6299905718,4.8396952026,74.1937500186
-1.8069863594,0.7542692792,2.1951640769,18.5373137352
-3.4845479748,0.6695199242,2.6865713849,25.4715968017
-3.0045065528,-1.5648731913,4.5801164573,80.3402503555
3.689548613,-0.9694782091,2.4481000452,12.1361589166
-4.4543900934,-3.7870098367,4.6210443357,107.2541805521
-0.5175714687,-3.8809270079,-4.0305898361,58.2718489318
1.0398166002,-4.8538572487,-2.8152452175,17.6427576193
2.4422047289,-2.9441207717,-2.3053317934,4.1211679622
0.1399658077,0.8536099413,-3.725204058,46.7304224242
4.8204450544,3.8010302572,-1.8912812715,47.5557044991
-2.5707847944,-3.0885410252,-0.6501794858,24.7189334944
2.5525154739,-2.475825749,1.4539526619,-3.8497475149
0.3409211641,-3.9189119924,-2.3217573611,18.1586704905
2.394613447,0.5223739233,-4.9078808792,77.3690379691
-3.0391286858,-1.771452414,2.4770999432,37.2145447649
2.2223375126,2.9749980038,3.6209830614,55.3351168089
3.3427352624,-1.255542536,-0.4431678506,-6.147434648
3.3578398017,-2.5065928227,4.2179545153,38.1821067843
1.2536074938,-1.7202535552,-1.9745123831,11.1294444636
-1.4855486726,-2.5493338415,4.5068353823,74.9945631719
-2.9289154978,4.1888647986,-2.9133858177,8.8547042132
-0.9947374523,-0.5357892191,-1.7502515065,16.2508176656
-1.6751476966,0.7625349853,-4.4959807751,64.7619596374
-2.1513345463,-3.8568827493,-3.7733728355,66.4612524128
-0.8499458702,-1.4225581375,4.8535480792,78.9389275703
-1.1746791617,2.8658820768,-4.6892795331,65.4097228709
-3.7627234665,0.6944684665,-4.6142710333,67.411029382
-1.4560361368,-0.1603333599,3.9444793884,53.599691405
2.4725471381,1.4753070344,-0.5287680221,10.6617720969
0.1008051405,2.758097573,3.5446131984,43.1481038651
2.1546457053,0.9182719126,4.4006335642,64.89918286
0.3268351863,3.9793583466,1.2130048736,11.6884959364
-3.8557245367,-3.1601578271,1.1313452553,37.0649469442
-4.8784003434,-1.5452513215,-2.7994451648,48.4657891908
-0.10965162,-0.8010671606,1.0743695395,8.7481379657
2.3230942491,0.1787429543,-1.5437513663,10.6568840518
4.8785304173,0.6006079524,0.3923166269,6.4433749188
3.4511481497,1.1415931047,1.7242249701,18.3473209551
3.1264759195,0.840967121,-2.5141727952,26.0952455193
0.6942442134,0.9308296692,-0.5442447746,6.4868091337
-0.0547156741,4.9860865488,2.3307542798,20.8063280394
2.1048528443,0.6020874843,-3.7423497748,47.4453037742
-3.554933372,3.3225175998,-2.9254789333,10.6075569504
-0.371183562,4.7650332689,2.6289400575,22.5677569963
-1.8172160915,2.727546496,1.30499986,2.0132072297
-0.182706198,3.9458931559,-3.8606606597,48.454930114
3.1064324918,-3.3584091264,-4.2108185955,34.2212047798
-3.4778208333,-0.9444850428,0.8846792327,17.3952923845
-0.6275033962,-0.9233057151,2.8128964893,30.5234183189
3.4001774074,-3.9788554017,2.2084185581,-10.826468312
0.6779075871,2.2207701383,4.4266421814,66.1185292723
-2.6838065293,-1.3448212775,-4.9828871764,89.3897806178
4.617305498,-2.1424070026,4.0739872582,30.3905157767
2.5689827403,-1.8529297497,-3.9383189081,39.4417956344
2.1698248135,-2.3939275726,0.1620074054,-7.4798925126
2.9454884611,-4.4540945198,-3.1837917053,6.2251323825
3.9711142543,3.6801635631,-4.8731800397,101.5012368122
-1.7312936802,0.4008792879,-2.5551457687,24.9295238231
0.3915002262,1.794785804,-2.6628427158,27.2860118576
1.2805015842,-4.2316298276,-1.8057387394,2.6643582045
3.2676164105,1.9063213363,1.3716664655,19.8350440317
2.8735867898,1.0056958547,3.7900275366,50.9992480407
-4.7055591454,1.6049709975,-2.5670584364,14.3703542821
4.3114618138,1.4816193144,-1.1499073047,17.4312888076
0.8344990738,-2.5043334667,2.5703726177,19.8062191911
-1.752104487,2.2697033381,0.8178602148,0.8052756738
3.2860042227,0.2122703032,0.441898994,3.6948621651
4.9190980774,3.6756711011,4.3615691984,93.3127328328
2.0018768777,1.1483319699,1.2712095698,12.4436828704
2.127415942,4.5213575796,4.8892876763,93.8256023927
-4.2233552998,4.5756341561,-3.8168627422,14.2796213521
-0.3570384934,1.1480056509,-1.9045703855,15.419439137
2.4393322538,-2.7639859283,-2.9573436567,15.3137522108
3.4947267342,-0.338618827,-3.6211467588,38.4766242774
-3.8531286978,-2.5417799317,-4.4018080339,86.568480997
3.2652232665,-3.5941715844,-2.9889649315,5.0649654569
2.6491918782,0.0185756897,-4.3860601794,60.1618009466
1.3241227379,4.4155591855,-1.7216856358,24.2619661829
4.0013719459,-1.6075965929,-3.4903976485,24.6820714744
-4.836956852,-0.8060829494,-0.8193729008,19.6490495941
1.787400361,-1.5792922979,-3.7956451315,40.7877102856
-1.39055139,0.4749235622,1.0747714514,8.5351411693
-1.6072397196,-3.7314129951,3.8638734301,63.3903437224
-3.1154837446,4.1276098391,3.4787966937,18.7025603379
-4.9882938268,0.5725103789,0.8634498948,6.5132310114
0.1465384205,0.6186626402,0.1475489796,5.1000893759
-1.5138762498,3.8240505776,3.2052623698,25.756718132
3.8205764347,-0.6341411117,3.2185386712,27.4108279249
2.9097046575,0.1712630167,-3.5470967991,40.8326320435
-2.1018821447,-4.7717279856,-3.9420167422,73.7795898364
-1.0590842057,-1.2306300283,2.7448655672,31.268626803
-0.8270310773,-1.3558126206,-0.6552202683,9.3575702218
-0.8592627976,-0.3603004756,-1.6304352762,14.4534059569
-1.5338105347,4.083538743,-0.7419026587,-4.3416802855
3.4933549317,3.9184491904,-1.7468516522,38.0381847606
-4.5862342015,3.9729238779,2.0483072399,-14.2685968884
-3.05628417,1.2952137394,-0.9088851363,2.6174182458
0.7190106571,-2.3177428174,-0.1595651335,1.024408866
2.8497492913,1.6729276147,2.2097523812,26.3341160354
-4.3468973908,1.7690435287,-2.6695682862,15.3469804973
1.2645478285,0.414959741,1.3350723499,10.1321795887
1.4684172637,2.315339699,-3.5106981689,47.3063572062
2.2347005714,3.6951271664,0.69009514,20.7089989156
4.1567342577,2.0578909985,1.4144780695,23.9537223936
1.9363266024,-1.8068551693,4.160532926,47.9964526196
-3.7066577012,-1.1594412401,-2.2515014343,32.5097374308
2.1197196993,-1.4845326889,-1.2129799424,1.0006549523
-4.2620506727,1.8575305862,-4.3087654243,49.1246501477
3.3437414183,-2.3625186696,1.729438236,-5.1701746356
-4.9290282804,-2.6766461004,-1.0493207945,39.6187793214
-4.6815538829,-4.9847025842,-2.1966251187,70.8293470949
-2.0326462349,-2.0732751659,-2.255048031,30.7168410206
2.8107981801,2.7364496543,-2.7417109045,40.1233532881
-2.9964356708,1.0023279615,1.2246704871,6.489066561
-1.3659019829,3.7172951762,-4.9271491475,69.0413764428
-1.1589433607,4.9741324141,-2.7280761006,16.9566655191
3.3756528656,2.1545614774,0.1293886145,16.220674626
-2.1630802735,-0.7043406996,3.7954488185,53.4264664216
4.1879662247,-0.4172901258,-0.3931010897,-2.2195747298
-3.6413927252,-4.6434346337,-1.8970651094,53.2550990034
-0.5400085603,0.5458730087,-4.8556789926,75.6833118036
-2.592425583,4.5276443341,-4.9126745685,56.5203778251
3.4939896284,2.7947074448,-3.8701171998,65.968789444
-3.0008914229,3.3717810348,2.7113483514,9.8184234956
-0.1689263855,4.5155933192,-3.5990879193,42.5036222213
-2.6751070819,3.8563220373,0.7457977568,-11.2883988204
-0.6261460581,-1.1010367719,4.7435030561,74.5074294562
1.4259189255,-2.0404796535,-2.2238826013,12.5919254371
3.9422400671,-3.6260404237,-2.7710726613,-4.4951526706
4.792992085,-1.1686955506,4.5673196139,51.5851362336
4.4900046714,0.029037061,-2.97064727,27.2449840154
0.4697957645,3.0387506767,-3.1984097204,38.0748628491
4.8133837274,4.2162591272,0.7826746449,42.6133012186
0.3391382919,1.0823645153,-0.0987364276,5.4242508604
0.2106682088,2.5377489439,-4.4509334975,65.2910048381
1.4150703373,4.0695515875,-2.0136943055,27.2672274059
-0.4554072841,3.3169725623,-2.9811998938,29.0969187731
2.5247803978,-3.0376172796,-1.7925952968,-3.2232198305
3.9768527966,-3.2124616777,4.3204447923,31.4709023996
